Aikaleima;Valitse kieli / Choose the language;;Koulutusohjelmasi;Opintojesi aloitusvuosi valtsikassa;Löysin helposti tietoa uusista koulutusohjelmista;Koulutusohjelmani nimi on selkeä;Olen tyytyväinen, että valitsen opintosuunnan vasta myöhemmässä vaiheessa opintoja;Tiedän missä vaiheessa opintoja opintosuunnan valinta tehdään;Tiedän millä perustein opiskelijat valitaan eri opintosuuntiin;Opintoni ovat edenneet häiriöttä;Omien opintojeni suunnittelu on ollut sujuvaa;Olen tyytyväinen kurssien asiasisältöön ja opetustapoihin;Olen tyytyväinen opetuksen laatuun;Tiedän mistä voin hakea neuvoa opintoihin liittyvissä kysymyksissä ja ongelmatilanteissa;Olen saanut apua opintojani koskevissa ongelmatilanteissa;Tiedän ketkä ovat koulutusohjelmani johtoryhmän opiskelijajäsenet;Tiedän ketkä ovat opiskelijajärjestöni opintovastaavat;Oletko kandi- vai maisterivaiheen opiskelija;Pääaineesi;Opintojen aloitusvuosi valtsikassa;Omien opintojeni suunnittelu on ollut sujuvaa;Opintoni ovat edenneet häiriöttä;Tiedän mistä voin hakea neuvoa opintoihin liittyvissä kysymyksissä ja ongelmatilanteissa;Koen, että opintojani koskeviin kysymyksiin on pystytty vastaamaan;Olen saanut apua opintojani koskevissa ongelmatilanteissa;Tiedän mistä löydän pääaineeni vastaavuustaulukot;Näen selkeästi pääaineeni vastaavuustaulukoista mikä uusi kurssi korvaa mitäkin vanhaa kurssia;Tiedän mistä löydän sivuaineeni vastaavuustaulukot;Näen selkeästi sivuaineeni vastaavuustaulukoista mikä uusi kurssi korvaa mitäkin vanhaa kurssia;Opetuksen laatu on heikentynyt syksyllä;Olen tyytyväinen uudistuneeseen opintotarjontaan;Pystyn osallistumaan uusien koulutusohjelmien järjestämille kursseille, jotka kuuluvat pääaineopintoihini;Pystyn osallistumaan uusien koulutusohjelmien järjestämille kursseille, jotka kuuluvat sivuaineopintoihini;Onko läsnäolopakon määrä muuttunut opinnoissasi syksyllä? ;Onko koulutusuudistus vaikuttanut vaihtoehtoisten suoritustapojen (esseesuorituksen, kirjatentit) tarjontaan? ;Pidän koulutusuudistusta lähtökohtaisesti hyvänä asiana;Oletko harkinnut siirtymistä uuteen koulutusohjelmaan? ;Olisin mielummin hakenut uusiin koulutusohjelmiin kuin valinnut pääaineeni jo hakuvaiheessa;Olen saanut tarpeeksi tietoa miten koulutusuudistus vaikuttaa omiin opintoihin;Tiedän mistä löydän tietoa koulutusuudistuksen etenemisestä ja sen tuomista muutoksista;Tiedän ketkä ovat koulutusohjelmani johtoryhmän opiskelijajäsenet;Tiedän, ketkä ovat ainejärjestöni/opiskelijajärjestöni opintovastaavat;;Your degree programme?;The year you began your studies in the faculty of social sciences; I found easily information regarding the studies in the faculty of social sciences;The name of my study program was descriptive;My studies have proceeded without any disturbance;Planning my studies has been smooth;I’m satisfied with the content and teaching methods of courses; I know where I can get help with issues regarding my studies; I’m satisfied with the quality of teaching;Your main subject;The year you began your studies in the faculty of social sciences;Planning my studies has been smooth;My studies have continued without any disturbance in this fall; I know where I can get help with issues regarding my studies;I feel like my questions regarding my studies has been answered ;I've gotten the help I needed with problem situations regarding my studies;You can tell more about the situations where you haven't got the help you needed;The quality of teaching has weakened in this fall;I’m satisfied with the renewed course catalogues; I can attend courses, which are part of my major studies, offered by the new study programmes;I can attend courses, which are part of my minor studies, offered by the new study programmes;Has the educational reform affected the amount of obligatory presence in your courses?;How has the obligatory presence changed?;Has the educational reform affected on the supply of alternative ways of taking courses (e.g. essays);What kind of change there has been? What is your attitude towards it?; I think the educational reform is principally a good thing;Have you considered of changing into the new study programme;Which factors influenced your decision?;I’ve got enough information on how the educational reform affects my studies;I know where I can find information considering the advance of the educational reform;I know who are the student representatives of the executive group of my study programme;Something else you would like to tell?
20.11.2017 12:24:36;Suomi;Opiskelen nykyisten tutkintovaatimuksien mukaisesti;Sosiaalitieteiden kandiohjelma;2017;1;3;1;En;En;2;2;3;3;4;En;En;Kyllä;;;;;;;;;;;;;;;;;;;;;;;;;;;;;;;;;;;;;;;;;;;;;;;;;;;;;;;;;;
20.11.2017 12:26:57;Suomi;Opiskelen nykyisten tutkintovaatimuksien mukaisesti;Yhteiskunnallisen muutoksen maisteriohjelma;2017;4;5;3;Opintosuunnan valinta ei kosketa minua;Opintosuunnan valinta ei kosketa minua;5;4;3;3;3;Kyllä;En;En;;;;;;;;;;;;;;;;;;;;;;;;;;;;;;;;;;;;;;;;;;;;;;;;;;;;;;;;;;
20.11.2017 12:28:27;Suomi;Opiskelen nykyisten tutkintovaatimuksien mukaisesti;Sosiaalitieteiden maisteriohjelma;2014;4;4;3;Opintosuunnan valinta ei kosketa minua;Opintosuunnan valinta ei kosketa minua;2;3;2;2;2;Kyllä;En;En;;;;;;;;;;;;;;;;;;;;;;;;;;;;;;;;;;;;;;;;;;;;;;;;;;;;;;;;;;
20.11.2017 12:30:12;Suomi;Opiskelen nykyisten tutkintovaatimuksien mukaisesti;Sosiaalitieteiden kandiohjelma;2017;4;5;1;Kyllä;Kyllä;2;2;5;5;4;En;Kyllä;Kyllä;;;;;;;;;;;;;;;;;;;;;;;;;;;;;;;;;;;;;;;;;;;;;;;;;;;;;;;;;;
20.11.2017 12:36:00;Suomi;Opiskelen nykyisten tutkintovaatimuksien mukaisesti;Politiikan ja viestinnän kandiohjelma;2017;4;5;4;Kyllä;Kyllä;4;3;3;2;4;Minulla ei ole ollut opintoihin liittyviä ongelmatilanteita;Kyllä;Kyllä;;;;;;;;;;;;;;;;;;;;;;;;;;;;;;;;;;;;;;;;;;;;;;;;;;;;;;;;;;
20.11.2017 12:37:14;Suomi;Opiskelen nykyisten tutkintovaatimuksien mukaisesti;Yhteiskunnallisen muutoksen kandiohjelma;2017;3;5;5;Kyllä;En;5;4;4;5;5;Kyllä;Kyllä;Kyllä;;;;;;;;;;;;;;;;;;;;;;;;;;;;;;;;;;;;;;;;;;;;;;;;;;;;;;;;;;
20.11.2017 12:42:20;Suomi;Opiskelen nykyisten tutkintovaatimuksien mukaisesti;Sosiaalitieteiden kandiohjelma;2017;5;5;1;En;Kyllä;1;1;2;3;3;En;En;En;;;;;;;;;;;;;;;;;;;;;;;;;;;;;;;;;;;;;;;;;;;;;;;;;;;;;;;;;;
20.11.2017 12:45:50;Suomi;Opiskelen nykyisten tutkintovaatimuksien mukaisesti;Sosiaalitieteiden kandiohjelma;2017;3;4;4;Kyllä;Kyllä;4;3;2;3;3;Minulla ei ole ollut opintoihin liittyviä ongelmatilanteita;En;En;;;;;;;;;;;;;;;;;;;;;;;;;;;;;;;;;;;;;;;;;;;;;;;;;;;;;;;;;;
20.11.2017 12:47:37;Suomi;Opiskelen nykyisten tutkintovaatimuksien mukaisesti;Yhteiskunnallisen muutoksen kandiohjelma;2017;4;2;4;Kyllä;En;4;3;3;4;2;Minulla ei ole ollut opintoihin liittyviä ongelmatilanteita;En;En;;;;;;;;;;;;;;;;;;;;;;;;;;;;;;;;;;;;;;;;;;;;;;;;;;;;;;;;;;
20.11.2017 12:48:16;Suomi;Opiskelen nykyisten tutkintovaatimuksien mukaisesti;Magisterprogrammet i samhällsvetenskaper;2012;1;5;3;Opintosuunnan valinta ei kosketa minua;Opintosuunnan valinta ei kosketa minua;4;1;3;3;2;Kyllä;Kyllä;Kyllä;;;;;;;;;;;;;;;;;;;;;;;;;;;;;;;;;;;;;;;;;;;;;;;;;;;;;;;;;;
20.11.2017 12:50:32;Suomi;Opiskelen nykyisten tutkintovaatimuksien mukaisesti;Sosiaalitieteiden maisteriohjelma;2015;2;3;1;Opintosuunnan valinta ei kosketa minua;Opintosuunnan valinta ei kosketa minua;1;1;1;1;4;Minulla ei ole ollut opintoihin liittyviä ongelmatilanteita;Kyllä;Kyllä;;;;;;;;;;;;;;;;;;;;;;;;;;;;;;;;;;;;;;;;;;;;;;;;;;;;;;;;;;
20.11.2017 12:54:54;Suomi;Opiskelen nykyisten tutkintovaatimuksien mukaisesti;Taloustieteen maisteriohjelma;2017;4;4;3;Opintosuunnan valinta ei kosketa minua;Opintosuunnan valinta ei kosketa minua;3;2;2;3;4;Minulla ei ole ollut opintoihin liittyviä ongelmatilanteita;En;En;;;;;;;;;;;;;;;;;;;;;;;;;;;;;;;;;;;;;;;;;;;;;;;;;;;;;;;;;;
20.11.2017 12:55:30;Suomi;Opiskelen nykyisten tutkintovaatimuksien mukaisesti;Sosiaalitieteiden kandiohjelma;2017;3;4;2;Kyllä;Kyllä;4;2;3;4;4;Kyllä;En;En;;;;;;;;;;;;;;;;;;;;;;;;;;;;;;;;;;;;;;;;;;;;;;;;;;;;;;;;;;
20.11.2017 12:57:45;Suomi;Opiskelen nykyisten tutkintovaatimuksien mukaisesti;Sosiaalitieteiden kandiohjelma;2017;2;5;5;Kyllä;Kyllä;4;4;3;4;4;Kyllä;En;En;;;;;;;;;;;;;;;;;;;;;;;;;;;;;;;;;;;;;;;;;;;;;;;;;;;;;;;;;;
20.11.2017 12:58:12;Suomi;Opiskelen nykyisten tutkintovaatimuksien mukaisesti;Taloustieteen maisteriohjelma;2014;4;3;5;Kyllä;Kyllä;3;3;4;4;2;Kyllä;En;En;;;;;;;;;;;;;;;;;;;;;;;;;;;;;;;;;;;;;;;;;;;;;;;;;;;;;;;;;;
20.11.2017 12:59:27;Suomi;Opiskelen nykyisten tutkintovaatimuksien mukaisesti;Yhteiskunnallisen muutoksen maisteriohjelma;2017;5;5;5;Kyllä;Kyllä;4;5;4;5;5;Kyllä;Kyllä;Kyllä;;;;;;;;;;;;;;;;;;;;;;;;;;;;;;;;;;;;;;;;;;;;;;;;;;;;;;;;;;
20.11.2017 13:01:50;Suomi;Opiskelen nykyisten tutkintovaatimuksien mukaisesti;Taloustieteen kandiohjelma;2015;4;5;3;Opintosuunnan valinta ei kosketa minua;Opintosuunnan valinta ei kosketa minua;4;4;3;2;2;Minulla ei ole ollut opintoihin liittyviä ongelmatilanteita;En;Kyllä;;;;;;;;;;;;;;;;;;;;;;;;;;;;;;;;;;;;;;;;;;;;;;;;;;;;;;;;;;
20.11.2017 13:05:41;Suomi;Opiskelen nykyisten tutkintovaatimuksien mukaisesti;Taloustieteen maisteriohjelma;2017;1;5;3;Opintosuunnan valinta ei kosketa minua;Opintosuunnan valinta ei kosketa minua;2;2;2;3;1;En;En;En;;;;;;;;;;;;;;;;;;;;;;;;;;;;;;;;;;;;;;;;;;;;;;;;;;;;;;;;;;
20.11.2017 13:10:32;Suomi;Opiskelen nykyisten tutkintovaatimuksien mukaisesti;Politiikan ja viestinnän kandiohjelma;2017;4;5;4;Kyllä;Kyllä;5;5;4;4;5;Minulla ei ole ollut opintoihin liittyviä ongelmatilanteita;Kyllä;Kyllä;;;;;;;;;;;;;;;;;;;;;;;;;;;;;;;;;;;;;;;;;;;;;;;;;;;;;;;;;;
20.11.2017 13:10:41;Suomi;Opiskelen nykyisten tutkintovaatimuksien mukaisesti;Politiikan ja viestinnän kandiohjelma;2017;4;5;1;Kyllä;Kyllä;4;3;4;3;4;Kyllä;En;En;;;;;;;;;;;;;;;;;;;;;;;;;;;;;;;;;;;;;;;;;;;;;;;;;;;;;;;;;;
20.11.2017 13:11:16;Suomi;Opiskelen nykyisten tutkintovaatimuksien mukaisesti;Politiikan ja viestinnän kandiohjelma;2017;4;5;5;Kyllä;Kyllä;5;5;3;4;5;Minulla ei ole ollut opintoihin liittyviä ongelmatilanteita;Kyllä;Kyllä;;;;;;;;;;;;;;;;;;;;;;;;;;;;;;;;;;;;;;;;;;;;;;;;;;;;;;;;;;
20.11.2017 13:12:02;Suomi;Opiskelen nykyisten tutkintovaatimuksien mukaisesti;Politiikan ja viestinnän kandiohjelma;2017;3;5;4;Kyllä;Kyllä;3;2;3;3;2;Kyllä;En;Kyllä;;;;;;;;;;;;;;;;;;;;;;;;;;;;;;;;;;;;;;;;;;;;;;;;;;;;;;;;;;
20.11.2017 13:16:51;Suomi;Opiskelen nykyisten tutkintovaatimuksien mukaisesti;Taloustieteen kandiohjelma;2017;5;5;5;Opintosuunnan valinta ei kosketa minua;Opintosuunnan valinta ei kosketa minua;4;3;4;4;1;Kyllä;En;En;;;;;;;;;;;;;;;;;;;;;;;;;;;;;;;;;;;;;;;;;;;;;;;;;;;;;;;;;;
20.11.2017 13:17:06;Suomi;Opiskelen nykyisten tutkintovaatimuksien mukaisesti;Sosiaalitieteiden kandiohjelma;2017;4;4;3;Kyllä;Kyllä;4;3;3;2;4;Minulla ei ole ollut opintoihin liittyviä ongelmatilanteita;En;En;;;;;;;;;;;;;;;;;;;;;;;;;;;;;;;;;;;;;;;;;;;;;;;;;;;;;;;;;;
20.11.2017 13:17:14;Suomi;Opiskelen nykyisten tutkintovaatimuksien mukaisesti;Sosiaalitieteiden kandiohjelma;2017;5;4;4;Kyllä;En;2;2;1;4;2;En;Kyllä;En;;;;;;;;;;;;;;;;;;;;;;;;;;;;;;;;;;;;;;;;;;;;;;;;;;;;;;;;;;
20.11.2017 13:17:17;Suomi;Opiskelen nykyisten tutkintovaatimuksien mukaisesti;Politiikan ja viestinnän kandiohjelma;2017;4;4;1;Kyllä;Kyllä;3;4;3;4;4;Minulla ei ole ollut opintoihin liittyviä ongelmatilanteita;En;Kyllä;;;;;;;;;;;;;;;;;;;;;;;;;;;;;;;;;;;;;;;;;;;;;;;;;;;;;;;;;;
20.11.2017 13:17:22;Suomi;Opiskelen nykyisten tutkintovaatimuksien mukaisesti;Yhteiskunnallisen muutoksen kandiohjelma;2017;4;4;3;Kyllä;En;4;2;3;2;3;Kyllä;En;Kyllä;;;;;;;;;;;;;;;;;;;;;;;;;;;;;;;;;;;;;;;;;;;;;;;;;;;;;;;;;;
20.11.2017 13:18:39;Suomi;Opiskelen nykyisten tutkintovaatimuksien mukaisesti;Sosiaalitieteiden kandiohjelma;2011 tai aiemmin;3;3;2;En;En;1;1;4;4;1;Kyllä;En;En;;;;;;;;;;;;;;;;;;;;;;;;;;;;;;;;;;;;;;;;;;;;;;;;;;;;;;;;;;
20.11.2017 13:18:47;Suomi;Opiskelen nykyisten tutkintovaatimuksien mukaisesti;Politiikan ja viestinnän kandiohjelma;2017;4;4;1;Kyllä;Kyllä;4;4;3;4;3;Kyllä;En;Kyllä;;;;;;;;;;;;;;;;;;;;;;;;;;;;;;;;;;;;;;;;;;;;;;;;;;;;;;;;;;
20.11.2017 13:19:11;Suomi;Opiskelen nykyisten tutkintovaatimuksien mukaisesti;Politiikan ja viestinnän maisteriohjelma;2017;5;4;2;En;En;5;4;4;4;2;Minulla ei ole ollut opintoihin liittyviä ongelmatilanteita;En;En;;;;;;;;;;;;;;;;;;;;;;;;;;;;;;;;;;;;;;;;;;;;;;;;;;;;;;;;;;
20.11.2017 13:21:34;Suomi;Opiskelen nykyisten tutkintovaatimuksien mukaisesti;Politiikan ja viestinnän kandiohjelma;2017;4;5;3;Kyllä;Kyllä;4;4;4;3;4;Kyllä;Kyllä;En;;;;;;;;;;;;;;;;;;;;;;;;;;;;;;;;;;;;;;;;;;;;;;;;;;;;;;;;;;
20.11.2017 13:25:38;Suomi;Opiskelen nykyisten tutkintovaatimuksien mukaisesti;Sosiaalitieteiden kandiohjelma;2017;1;5;4;Kyllä;Kyllä;1;2;3;4;4;Kyllä;En;En;;;;;;;;;;;;;;;;;;;;;;;;;;;;;;;;;;;;;;;;;;;;;;;;;;;;;;;;;;
20.11.2017 13:25:50;Suomi;Opiskelen nykyisten tutkintovaatimuksien mukaisesti;Sosiaalitieteiden maisteriohjelma;2017;2;3;1;Opintosuunnan valinta ei kosketa minua;Opintosuunnan valinta ei kosketa minua;3;4;4;4;4;Kyllä;Kyllä;En;;;;;;;;;;;;;;;;;;;;;;;;;;;;;;;;;;;;;;;;;;;;;;;;;;;;;;;;;;
20.11.2017 13:26:32;Suomi;Opiskelen nykyisten tutkintovaatimuksien mukaisesti;Sosiaalitieteiden maisteriohjelma;2017;4;4;3;Opintosuunnan valinta ei kosketa minua;Opintosuunnan valinta ei kosketa minua;5;4;3;3;3;Minulla ei ole ollut opintoihin liittyviä ongelmatilanteita;Kyllä;Kyllä;;;;;;;;;;;;;;;;;;;;;;;;;;;;;;;;;;;;;;;;;;;;;;;;;;;;;;;;;;
20.11.2017 13:27:29;Suomi;Opiskelen nykyisten tutkintovaatimuksien mukaisesti;Sosiaalitieteiden kandiohjelma;2017;4;5;5;Kyllä;Kyllä;4;3;4;3;4;Minulla ei ole ollut opintoihin liittyviä ongelmatilanteita;Kyllä;Kyllä;;;;;;;;;;;;;;;;;;;;;;;;;;;;;;;;;;;;;;;;;;;;;;;;;;;;;;;;;;
20.11.2017 13:27:50;Suomi;Opiskelen nykyisten tutkintovaatimuksien mukaisesti;Politiikan ja viestinnän kandiohjelma;2016;1;5;3;Opintosuunnan valinta ei kosketa minua;Kyllä;2;1;4;4;2;Kyllä;Kyllä;Kyllä;;;;;;;;;;;;;;;;;;;;;;;;;;;;;;;;;;;;;;;;;;;;;;;;;;;;;;;;;;
20.11.2017 13:28:02;Suomi;Opiskelen nykyisten tutkintovaatimuksien mukaisesti;Sosiaalitieteiden kandiohjelma;2017;4;3;4;Kyllä;En;4;2;4;4;3;Kyllä;En;En;;;;;;;;;;;;;;;;;;;;;;;;;;;;;;;;;;;;;;;;;;;;;;;;;;;;;;;;;;
20.11.2017 13:29:14;Suomi;Opiskelen nykyisten tutkintovaatimuksien mukaisesti;Magisterprogrammet i samhällsvetenskaper;2017;2;4;3;Opintosuunnan valinta ei kosketa minua;Opintosuunnan valinta ei kosketa minua;4;4;3;2;5;Minulla ei ole ollut opintoihin liittyviä ongelmatilanteita;Kyllä;Kyllä;;;;;;;;;;;;;;;;;;;;;;;;;;;;;;;;;;;;;;;;;;;;;;;;;;;;;;;;;;
20.11.2017 13:32:17;Suomi;Opiskelen nykyisten tutkintovaatimuksien mukaisesti;Sosiaalitieteiden kandiohjelma;2017;2;4;3;En;En;1;2;2;4;3;En;En;En;;;;;;;;;;;;;;;;;;;;;;;;;;;;;;;;;;;;;;;;;;;;;;;;;;;;;;;;;;
20.11.2017 13:32:25;Suomi;Opiskelen nykyisten tutkintovaatimuksien mukaisesti;Sosiaalitieteiden kandiohjelma;2017;4;4;2;Kyllä;Kyllä;2;2;4;4;4;Kyllä;Kyllä;En;;;;;;;;;;;;;;;;;;;;;;;;;;;;;;;;;;;;;;;;;;;;;;;;;;;;;;;;;;
20.11.2017 13:33:59;Suomi;Opiskelen nykyisten tutkintovaatimuksien mukaisesti;Politiikan ja viestinnän kandiohjelma;2017;3;4;2;En;Kyllä;4;3;3;2;4;Minulla ei ole ollut opintoihin liittyviä ongelmatilanteita;En;Kyllä;;;;;;;;;;;;;;;;;;;;;;;;;;;;;;;;;;;;;;;;;;;;;;;;;;;;;;;;;;
20.11.2017 13:36:55;Suomi;Opiskelen nykyisten tutkintovaatimuksien mukaisesti;Sosiaalitieteiden kandiohjelma;2017;3;4;2;En;En;4;2;2;3;3;Kyllä;En;En;;;;;;;;;;;;;;;;;;;;;;;;;;;;;;;;;;;;;;;;;;;;;;;;;;;;;;;;;;
20.11.2017 13:40:02;Suomi;Opiskelen nykyisten tutkintovaatimuksien mukaisesti;Sosiaalitieteiden kandiohjelma;2017;5;5;4;Kyllä;Kyllä;5;5;4;5;5;Minulla ei ole ollut opintoihin liittyviä ongelmatilanteita;En;En;;;;;;;;;;;;;;;;;;;;;;;;;;;;;;;;;;;;;;;;;;;;;;;;;;;;;;;;;;
20.11.2017 13:41:07;Suomi;Opiskelen nykyisten tutkintovaatimuksien mukaisesti;Politiikan ja viestinnän kandiohjelma;2017;4;5;5;Kyllä;En;5;4;4;4;3;Kyllä;En;En;;;;;;;;;;;;;;;;;;;;;;;;;;;;;;;;;;;;;;;;;;;;;;;;;;;;;;;;;;
20.11.2017 13:46:22;Suomi;Opiskelen nykyisten tutkintovaatimuksien mukaisesti;Politiikan ja viestinnän kandiohjelma;2017;2;5;3;En;En;4;4;4;2;3;Kyllä;Kyllä;Kyllä;;;;;;;;;;;;;;;;;;;;;;;;;;;;;;;;;;;;;;;;;;;;;;;;;;;;;;;;;;
20.11.2017 13:51:52;Suomi;Opiskelen nykyisten tutkintovaatimuksien mukaisesti;Sosiaalitieteiden kandiohjelma;2017;3;5;4;Kyllä;Kyllä;5;3;3;4;4;Kyllä;En;Kyllä;;;;;;;;;;;;;;;;;;;;;;;;;;;;;;;;;;;;;;;;;;;;;;;;;;;;;;;;;;
20.11.2017 13:54:06;Suomi;Opiskelen nykyisten tutkintovaatimuksien mukaisesti;Politiikan ja viestinnän kandiohjelma;2017;5;5;3;Kyllä;Kyllä;2;3;4;4;4;Kyllä;En;Kyllä;;;;;;;;;;;;;;;;;;;;;;;;;;;;;;;;;;;;;;;;;;;;;;;;;;;;;;;;;;
20.11.2017 13:54:50;Suomi;Opiskelen nykyisten tutkintovaatimuksien mukaisesti;Politiikan ja viestinnän maisteriohjelma;2017;3;3;4;Kyllä;En;3;3;4;4;4;Kyllä;Kyllä;Kyllä;;;;;;;;;;;;;;;;;;;;;;;;;;;;;;;;;;;;;;;;;;;;;;;;;;;;;;;;;;
20.11.2017 13:56:46;Suomi;Opiskelen nykyisten tutkintovaatimuksien mukaisesti;Politiikan ja viestinnän kandiohjelma;2017;4;4;5;Kyllä;Kyllä;3;3;3;3;3;Kyllä;En;Kyllä;;;;;;;;;;;;;;;;;;;;;;;;;;;;;;;;;;;;;;;;;;;;;;;;;;;;;;;;;;
20.11.2017 13:58:21;Suomi;Opiskelen nykyisten tutkintovaatimuksien mukaisesti;Sosiaalitieteiden kandiohjelma;2017;2;5;2;En;Kyllä;1;3;4;4;4;Kyllä;En;En;;;;;;;;;;;;;;;;;;;;;;;;;;;;;;;;;;;;;;;;;;;;;;;;;;;;;;;;;;
20.11.2017 14:02:06;Suomi;Opiskelen nykyisten tutkintovaatimuksien mukaisesti;Sosiaalitieteiden kandiohjelma;2017;2;5;2;Kyllä;Kyllä;4;5;3;3;2;En;En;En;;;;;;;;;;;;;;;;;;;;;;;;;;;;;;;;;;;;;;;;;;;;;;;;;;;;;;;;;;
20.11.2017 14:21:58;Suomi;Opiskelen nykyisten tutkintovaatimuksien mukaisesti;Taloustieteen kandiohjelma;2017;3;5;3;Opintosuunnan valinta ei kosketa minua;Opintosuunnan valinta ei kosketa minua;4;4;2;2;2;Kyllä;En;Kyllä;;;;;;;;;;;;;;;;;;;;;;;;;;;;;;;;;;;;;;;;;;;;;;;;;;;;;;;;;;
20.11.2017 14:23:27;Suomi;Opiskelen nykyisten tutkintovaatimuksien mukaisesti;Politiikan ja viestinnän kandiohjelma;2017;2;5;2;En;Kyllä;4;4;4;4;3;Minulla ei ole ollut opintoihin liittyviä ongelmatilanteita;En;Kyllä;;;;;;;;;;;;;;;;;;;;;;;;;;;;;;;;;;;;;;;;;;;;;;;;;;;;;;;;;;
20.11.2017 14:31:18;Suomi;Opiskelen nykyisten tutkintovaatimuksien mukaisesti;Politiikan ja viestinnän kandiohjelma;2017;4;5;3;En;En;3;4;3;3;4;Kyllä;En;Kyllä;;;;;;;;;;;;;;;;;;;;;;;;;;;;;;;;;;;;;;;;;;;;;;;;;;;;;;;;;;
20.11.2017 14:34:47;Suomi;Opiskelen nykyisten tutkintovaatimuksien mukaisesti;Sosiaalitieteiden kandiohjelma;2017;4;4;3;En;Kyllä;5;4;3;4;4;Minulla ei ole ollut opintoihin liittyviä ongelmatilanteita;En;En;;;;;;;;;;;;;;;;;;;;;;;;;;;;;;;;;;;;;;;;;;;;;;;;;;;;;;;;;;
20.11.2017 14:43:58;Suomi;Opiskelen nykyisten tutkintovaatimuksien mukaisesti;Politiikan ja viestinnän kandiohjelma;2015;2;3;3;Opintosuunnan valinta ei kosketa minua;Opintosuunnan valinta ei kosketa minua;4;2;3;3;2;Kyllä;En;En;;;;;;;;;;;;;;;;;;;;;;;;;;;;;;;;;;;;;;;;;;;;;;;;;;;;;;;;;;
20.11.2017 14:58:27;Suomi;Opiskelen nykyisten tutkintovaatimuksien mukaisesti;Politiikan ja viestinnän maisteriohjelma;2017;3;5;3;Kyllä;Kyllä;4;3;3;3;3;Minulla ei ole ollut opintoihin liittyviä ongelmatilanteita;Kyllä;Kyllä;;;;;;;;;;;;;;;;;;;;;;;;;;;;;;;;;;;;;;;;;;;;;;;;;;;;;;;;;;
20.11.2017 15:04:08;Suomi;Opiskelen nykyisten tutkintovaatimuksien mukaisesti;Sosiaalitieteiden kandiohjelma;2017;2;5;4;En;En;2;3;4;5;4;Kyllä;En;Kyllä;;;;;;;;;;;;;;;;;;;;;;;;;;;;;;;;;;;;;;;;;;;;;;;;;;;;;;;;;;
20.11.2017 15:26:08;Suomi;Opiskelen nykyisten tutkintovaatimuksien mukaisesti;Sosiaalitieteiden kandiohjelma;2017;5;5;5;Kyllä;Kyllä;5;4;3;4;2;Minulla ei ole ollut opintoihin liittyviä ongelmatilanteita;En;En;;;;;;;;;;;;;;;;;;;;;;;;;;;;;;;;;;;;;;;;;;;;;;;;;;;;;;;;;;
20.11.2017 15:31:15;Suomi;Opiskelen nykyisten tutkintovaatimuksien mukaisesti;Politiikan ja viestinnän kandiohjelma;2017;1;2;1;Kyllä;Kyllä;2;2;3;3;5;Minulla ei ole ollut opintoihin liittyviä ongelmatilanteita;En;Kyllä;;;;;;;;;;;;;;;;;;;;;;;;;;;;;;;;;;;;;;;;;;;;;;;;;;;;;;;;;;
20.11.2017 15:36:01;Suomi;Opiskelen nykyisten tutkintovaatimuksien mukaisesti;Sosiaalitieteiden kandiohjelma;2017;2;4;1;En;Kyllä;4;2;2;3;2;En;En;En;;;;;;;;;;;;;;;;;;;;;;;;;;;;;;;;;;;;;;;;;;;;;;;;;;;;;;;;;;
20.11.2017 15:45:14;Suomi;Opiskelen nykyisten tutkintovaatimuksien mukaisesti;Yhteiskunnallisen muutoksen kandiohjelma;2017;3;4;5;Kyllä;Kyllä;4;3;3;3;4;Kyllä;En;En;;;;;;;;;;;;;;;;;;;;;;;;;;;;;;;;;;;;;;;;;;;;;;;;;;;;;;;;;;
20.11.2017 15:59:05;Suomi;Opiskelen nykyisten tutkintovaatimuksien mukaisesti;Politiikan ja viestinnän maisteriohjelma;2014;1;2;2;En;En;2;2;3;3;1;En;En;En;;;;;;;;;;;;;;;;;;;;;;;;;;;;;;;;;;;;;;;;;;;;;;;;;;;;;;;;;;
20.11.2017 16:05:52;Suomi;Opiskelen nykyisten tutkintovaatimuksien mukaisesti;Sosiaalitieteiden kandiohjelma;2017;5;5;1;En;Kyllä;1;1;2;3;3;En;En;En;;;;;;;;;;;;;;;;;;;;;;;;;;;;;;;;;;;;;;;;;;;;;;;;;;;;;;;;;;
20.11.2017 16:18:43;Suomi;Opiskelen nykyisten tutkintovaatimuksien mukaisesti;Sosiaalitieteiden kandiohjelma;2011 tai aiemmin;2;5;1;En;En;1;1;4;4;2;En;Kyllä;Kyllä;;;;;;;;;;;;;;;;;;;;;;;;;;;;;;;;;;;;;;;;;;;;;;;;;;;;;;;;;;
20.11.2017 16:30:16;Suomi;Opiskelen nykyisten tutkintovaatimuksien mukaisesti;Politiikan ja viestinnän kandiohjelma;2017;3;4;2;Kyllä;Kyllä;4;3;3;4;3;Minulla ei ole ollut opintoihin liittyviä ongelmatilanteita;En;Kyllä;;;;;;;;;;;;;;;;;;;;;;;;;;;;;;;;;;;;;;;;;;;;;;;;;;;;;;;;;;
20.11.2017 16:33:23;Suomi;Opiskelen nykyisten tutkintovaatimuksien mukaisesti;Sosiaalitieteiden maisteriohjelma;2015;4;4;3;Opintosuunnan valinta ei kosketa minua;Opintosuunnan valinta ei kosketa minua;4;3;4;4;5;Kyllä;Kyllä;Kyllä;;;;;;;;;;;;;;;;;;;;;;;;;;;;;;;;;;;;;;;;;;;;;;;;;;;;;;;;;;
20.11.2017 16:50:21;Suomi;Opiskelen nykyisten tutkintovaatimuksien mukaisesti;Sosiaalitieteiden maisteriohjelma;2015;3;5;5;Opintosuunnan valinta ei kosketa minua;Opintosuunnan valinta ei kosketa minua;4;2;3;4;2;Minulla ei ole ollut opintoihin liittyviä ongelmatilanteita;Kyllä;Kyllä;;;;;;;;;;;;;;;;;;;;;;;;;;;;;;;;;;;;;;;;;;;;;;;;;;;;;;;;;;
20.11.2017 16:50:38;Suomi;Opiskelen nykyisten tutkintovaatimuksien mukaisesti;Yhteiskunnallisen muutoksen maisteriohjelma;2017;2;4;1;Opintosuunnan valinta ei kosketa minua;Opintosuunnan valinta ei kosketa minua;4;5;4;5;5;Kyllä;En;Kyllä;;;;;;;;;;;;;;;;;;;;;;;;;;;;;;;;;;;;;;;;;;;;;;;;;;;;;;;;;;
20.11.2017 16:52:01;Suomi;Opiskelen nykyisten tutkintovaatimuksien mukaisesti;Sosiaalitieteiden maisteriohjelma;2014;2;2;1;En;En;1;1;2;1;2;En;En;En;;;;;;;;;;;;;;;;;;;;;;;;;;;;;;;;;;;;;;;;;;;;;;;;;;;;;;;;;;
20.11.2017 16:55:04;Suomi;Opiskelen nykyisten tutkintovaatimuksien mukaisesti;Sosiaalitieteiden kandiohjelma;2017;3;3;4;Kyllä;En;4;3;3;3;4;Minulla ei ole ollut opintoihin liittyviä ongelmatilanteita;En;En;;;;;;;;;;;;;;;;;;;;;;;;;;;;;;;;;;;;;;;;;;;;;;;;;;;;;;;;;;
20.11.2017 16:58:32;Suomi;Opiskelen nykyisten tutkintovaatimuksien mukaisesti;Sosiaalitieteiden kandiohjelma;2015;2;4;1;En;Kyllä;1;1;4;4;1;En;Kyllä;Kyllä;;;;;;;;;;;;;;;;;;;;;;;;;;;;;;;;;;;;;;;;;;;;;;;;;;;;;;;;;;
20.11.2017 17:59:37;Suomi;Opiskelen nykyisten tutkintovaatimuksien mukaisesti;Sosiaalitieteiden maisteriohjelma;2017;5;3;1;Opintosuunnan valinta ei kosketa minua;Kyllä;1;1;3;3;3;En;En;En;;;;;;;;;;;;;;;;;;;;;;;;;;;;;;;;;;;;;;;;;;;;;;;;;;;;;;;;;;
20.11.2017 18:03:41;Suomi;Opiskelen nykyisten tutkintovaatimuksien mukaisesti;Politiikan ja viestinnän kandiohjelma;2017;3;5;3;Kyllä;Kyllä;5;3;3;4;5;Minulla ei ole ollut opintoihin liittyviä ongelmatilanteita;En;En;;;;;;;;;;;;;;;;;;;;;;;;;;;;;;;;;;;;;;;;;;;;;;;;;;;;;;;;;;
20.11.2017 18:15:46;Suomi;Opiskelen nykyisten tutkintovaatimuksien mukaisesti;Sosiaalitieteiden kandiohjelma;2017;5;5;5;Kyllä;En;3;3;2;2;1;Minulla ei ole ollut opintoihin liittyviä ongelmatilanteita;En;En;;;;;;;;;;;;;;;;;;;;;;;;;;;;;;;;;;;;;;;;;;;;;;;;;;;;;;;;;;
20.11.2017 18:48:56;Suomi;Opiskelen nykyisten tutkintovaatimuksien mukaisesti;Politiikan ja viestinnän kandiohjelma;2017;3;3;1;En;En;4;3;3;3;5;Minulla ei ole ollut opintoihin liittyviä ongelmatilanteita;Kyllä;En;;;;;;;;;;;;;;;;;;;;;;;;;;;;;;;;;;;;;;;;;;;;;;;;;;;;;;;;;;
20.11.2017 19:22:47;Suomi;Opiskelen nykyisten tutkintovaatimuksien mukaisesti;Sosiaalitieteiden kandiohjelma;2017;4;4;4;Kyllä;Kyllä;4;3;3;4;3;Minulla ei ole ollut opintoihin liittyviä ongelmatilanteita;En;Kyllä;;;;;;;;;;;;;;;;;;;;;;;;;;;;;;;;;;;;;;;;;;;;;;;;;;;;;;;;;;
20.11.2017 19:24:43;Suomi;Opiskelen nykyisten tutkintovaatimuksien mukaisesti;Sosiaalitieteiden kandiohjelma;2017;4;5;3;En;Kyllä;4;4;3;4;4;Minulla ei ole ollut opintoihin liittyviä ongelmatilanteita;Kyllä;Kyllä;;;;;;;;;;;;;;;;;;;;;;;;;;;;;;;;;;;;;;;;;;;;;;;;;;;;;;;;;;
20.11.2017 19:59:41;Suomi;Opiskelen nykyisten tutkintovaatimuksien mukaisesti;Sosiaalitieteiden kandiohjelma;2017;4;5;3;Kyllä;Kyllä;5;4;4;4;4;Kyllä;En;En;;;;;;;;;;;;;;;;;;;;;;;;;;;;;;;;;;;;;;;;;;;;;;;;;;;;;;;;;;
20.11.2017 20:35:08;Suomi;Opiskelen nykyisten tutkintovaatimuksien mukaisesti;Sosiaalitieteiden kandiohjelma;2017;5;5;4;Kyllä;Kyllä;5;3;5;4;4;Kyllä;En;En;;;;;;;;;;;;;;;;;;;;;;;;;;;;;;;;;;;;;;;;;;;;;;;;;;;;;;;;;;
20.11.2017 21:53:42;Suomi;Opiskelen nykyisten tutkintovaatimuksien mukaisesti;Yhteiskunnallisen muutoksen kandiohjelma;2017;4;4;4;Kyllä;Kyllä;4;3;4;4;4;Minulla ei ole ollut opintoihin liittyviä ongelmatilanteita;En;En;;;;;;;;;;;;;;;;;;;;;;;;;;;;;;;;;;;;;;;;;;;;;;;;;;;;;;;;;;
20.11.2017 22:33:38;Suomi;Opiskelen nykyisten tutkintovaatimuksien mukaisesti;Sosiaalitieteiden maisteriohjelma;2012;2;4;2;Opintosuunnan valinta ei kosketa minua;Opintosuunnan valinta ei kosketa minua;2;2;2;1;1;Minulla ei ole ollut opintoihin liittyviä ongelmatilanteita;En;En;;;;;;;;;;;;;;;;;;;;;;;;;;;;;;;;;;;;;;;;;;;;;;;;;;;;;;;;;;
20.11.2017 22:42:12;Suomi;Opiskelen nykyisten tutkintovaatimuksien mukaisesti;Politiikan ja viestinnän kandiohjelma;2017;3;5;4;Kyllä;En;4;2;3;3;2;En;Kyllä;Kyllä;;;;;;;;;;;;;;;;;;;;;;;;;;;;;;;;;;;;;;;;;;;;;;;;;;;;;;;;;;
20.11.2017 23:40:19;Suomi;Opiskelen nykyisten tutkintovaatimuksien mukaisesti;Politiikan ja viestinnän kandiohjelma;2016;3;4;3;Opintosuunnan valinta ei kosketa minua;Opintosuunnan valinta ei kosketa minua;3;2;3;2;3;En;En;Kyllä;;;;;;;;;;;;;;;;;;;;;;;;;;;;;;;;;;;;;;;;;;;;;;;;;;;;;;;;;;
21.11.2017 10:16:27;Suomi;Opiskelen nykyisten tutkintovaatimuksien mukaisesti;Politiikan ja viestinnän maisteriohjelma;2013;4;3;1;Opintosuunnan valinta ei kosketa minua;Opintosuunnan valinta ei kosketa minua;1;4;1;2;2;Kyllä;En;En;;;;;;;;;;;;;;;;;;;;;;;;;;;;;;;;;;;;;;;;;;;;;;;;;;;;;;;;;;
21.11.2017 11:58:44;Suomi;Opiskelen nykyisten tutkintovaatimuksien mukaisesti;Politiikan ja viestinnän kandiohjelma;2017;2;4;1;Kyllä;Kyllä;5;3;3;4;3;Minulla ei ole ollut opintoihin liittyviä ongelmatilanteita;En;Kyllä;;;;;;;;;;;;;;;;;;;;;;;;;;;;;;;;;;;;;;;;;;;;;;;;;;;;;;;;;;
21.11.2017 12:42:17;Suomi;Opiskelen nykyisten tutkintovaatimuksien mukaisesti;Yhteiskunnallisen muutoksen kandiohjelma;2017;2;3;1;Kyllä;En;4;3;2;4;2;Kyllä;En;En;;;;;;;;;;;;;;;;;;;;;;;;;;;;;;;;;;;;;;;;;;;;;;;;;;;;;;;;;;
21.11.2017 12:45:33;Suomi;Opiskelen nykyisten tutkintovaatimuksien mukaisesti;Politiikan ja viestinnän kandiohjelma;2014;2;3;3;Opintosuunnan valinta ei kosketa minua;Kyllä;5;2;2;2;4;Kyllä;En;Kyllä;;;;;;;;;;;;;;;;;;;;;;;;;;;;;;;;;;;;;;;;;;;;;;;;;;;;;;;;;;
21.11.2017 13:25:27;Suomi;Opiskelen nykyisten tutkintovaatimuksien mukaisesti;Sosiaalitieteiden kandiohjelma;2017;2;5;1;Kyllä;En;4;1;5;5;2;En;Kyllä;En;;;;;;;;;;;;;;;;;;;;;;;;;;;;;;;;;;;;;;;;;;;;;;;;;;;;;;;;;;
21.11.2017 13:43:40;Suomi;Opiskelen nykyisten tutkintovaatimuksien mukaisesti;Politiikan ja viestinnän kandiohjelma;2017;3;4;2;Kyllä;En;4;3;3;3;2;Minulla ei ole ollut opintoihin liittyviä ongelmatilanteita;En;En;;;;;;;;;;;;;;;;;;;;;;;;;;;;;;;;;;;;;;;;;;;;;;;;;;;;;;;;;;
21.11.2017 14:29:44;Suomi;Opiskelen nykyisten tutkintovaatimuksien mukaisesti;Yhteiskunnallisen muutoksen maisteriohjelma;2017;4;5;4;Kyllä;En;5;4;4;4;5;Kyllä;Kyllä;Kyllä;;;;;;;;;;;;;;;;;;;;;;;;;;;;;;;;;;;;;;;;;;;;;;;;;;;;;;;;;;
21.11.2017 16:24:45;Suomi;Opiskelen nykyisten tutkintovaatimuksien mukaisesti;Sosiaalitieteiden kandiohjelma;2017;4;5;3;Kyllä;Kyllä;4;4;4;4;4;Minulla ei ole ollut opintoihin liittyviä ongelmatilanteita;Kyllä;Kyllä;;;;;;;;;;;;;;;;;;;;;;;;;;;;;;;;;;;;;;;;;;;;;;;;;;;;;;;;;;
21.11.2017 17:02:11;Suomi;Opiskelen nykyisten tutkintovaatimuksien mukaisesti;Taloustieteen kandiohjelma;2016;4;5;3;Kyllä;En;4;2;1;1;4;En;En;Kyllä;;;;;;;;;;;;;;;;;;;;;;;;;;;;;;;;;;;;;;;;;;;;;;;;;;;;;;;;;;
21.11.2017 18:53:47;Suomi;Opiskelen nykyisten tutkintovaatimuksien mukaisesti;Taloustieteen kandiohjelma;2015;1;5;2;En;En;1;1;4;3;2;En;En;En;;;;;;;;;;;;;;;;;;;;;;;;;;;;;;;;;;;;;;;;;;;;;;;;;;;;;;;;;;
21.11.2017 19:21:00;Suomi;Opiskelen nykyisten tutkintovaatimuksien mukaisesti;Sosiaalitieteiden maisteriohjelma;2013;3;3;3;Opintosuunnan valinta ei kosketa minua;Opintosuunnan valinta ei kosketa minua;4;3;3;4;5;Kyllä;Kyllä;Kyllä;;;;;;;;;;;;;;;;;;;;;;;;;;;;;;;;;;;;;;;;;;;;;;;;;;;;;;;;;;
21.11.2017 20:10:48;Suomi;Opiskelen nykyisten tutkintovaatimuksien mukaisesti;Yhteiskunnallisen muutoksen kandiohjelma;2017;3;5;4;Kyllä;Kyllä;4;4;4;4;4;Kyllä;En;En;;;;;;;;;;;;;;;;;;;;;;;;;;;;;;;;;;;;;;;;;;;;;;;;;;;;;;;;;;
21.11.2017 22:03:11;Suomi;Opiskelen nykyisten tutkintovaatimuksien mukaisesti;Yhteiskunnallisen muutoksen maisteriohjelma;2017;2;2;4;Kyllä;En;4;4;4;4;3;Minulla ei ole ollut opintoihin liittyviä ongelmatilanteita;En;Kyllä;;;;;;;;;;;;;;;;;;;;;;;;;;;;;;;;;;;;;;;;;;;;;;;;;;;;;;;;;;
21.11.2017 23:25:19;Suomi;Opiskelen nykyisten tutkintovaatimuksien mukaisesti;Sosiaalitieteiden kandiohjelma;2017;4;5;3;Kyllä;Kyllä;5;3;3;3;4;Kyllä;En;En;;;;;;;;;;;;;;;;;;;;;;;;;;;;;;;;;;;;;;;;;;;;;;;;;;;;;;;;;;
22.11.2017 8:45:29;Suomi;Opiskelen nykyisten tutkintovaatimuksien mukaisesti;Politiikan ja viestinnän kandiohjelma;2017;3;5;5;Kyllä;Kyllä;5;4;4;4;5;Minulla ei ole ollut opintoihin liittyviä ongelmatilanteita;En;Kyllä;;;;;;;;;;;;;;;;;;;;;;;;;;;;;;;;;;;;;;;;;;;;;;;;;;;;;;;;;;
22.11.2017 10:19:29;Suomi;Opiskelen nykyisten tutkintovaatimuksien mukaisesti;Politiikan ja viestinnän kandiohjelma;2017;4;5;3;Kyllä;En;4;3;4;4;4;Kyllä;En;En;;;;;;;;;;;;;;;;;;;;;;;;;;;;;;;;;;;;;;;;;;;;;;;;;;;;;;;;;;
22.11.2017 11:55:19;Suomi;Opiskelen nykyisten tutkintovaatimuksien mukaisesti;Taloustieteen maisteriohjelma;2014;4;5;3;Opintosuunnan valinta ei kosketa minua;Opintosuunnan valinta ei kosketa minua;5;5;4;3;3;En;Kyllä;Kyllä;;;;;;;;;;;;;;;;;;;;;;;;;;;;;;;;;;;;;;;;;;;;;;;;;;;;;;;;;;
22.11.2017 12:14:42;Suomi;Opiskelen nykyisten tutkintovaatimuksien mukaisesti;Sosiaalitieteiden maisteriohjelma;2012;2;2;1;Opintosuunnan valinta ei kosketa minua;En;1;1;3;3;2;En;En;Kyllä;;;;;;;;;;;;;;;;;;;;;;;;;;;;;;;;;;;;;;;;;;;;;;;;;;;;;;;;;;
22.11.2017 17:13:04;Suomi;Opiskelen nykyisten tutkintovaatimuksien mukaisesti;Sosiaalitieteiden kandiohjelma;2017;2;4;1;Kyllä;Kyllä;5;3;3;3;3;Kyllä;En;En;;;;;;;;;;;;;;;;;;;;;;;;;;;;;;;;;;;;;;;;;;;;;;;;;;;;;;;;;;
23.11.2017 0:10:20;Suomi;Opiskelen nykyisten tutkintovaatimuksien mukaisesti;Yhteiskunnallisen muutoksen kandiohjelma;2017;4;5;5;Kyllä;Kyllä;5;4;4;4;4;Minulla ei ole ollut opintoihin liittyviä ongelmatilanteita;En;Kyllä;;;;;;;;;;;;;;;;;;;;;;;;;;;;;;;;;;;;;;;;;;;;;;;;;;;;;;;;;;
23.11.2017 7:11:36;Suomi;Opiskelen nykyisten tutkintovaatimuksien mukaisesti;Sosiaalitieteiden maisteriohjelma;2017;2;4;4;Opintosuunnan valinta ei kosketa minua;Kyllä;4;4;3;4;4;Kyllä;En;En;;;;;;;;;;;;;;;;;;;;;;;;;;;;;;;;;;;;;;;;;;;;;;;;;;;;;;;;;;
23.11.2017 10:41:21;Suomi;Opiskelen nykyisten tutkintovaatimuksien mukaisesti;Sosiaalitieteiden kandiohjelma;2011 tai aiemmin;2;4;3;Opintosuunnan valinta ei kosketa minua;Opintosuunnan valinta ei kosketa minua;3;2;3;3;1;En;En;En;;;;;;;;;;;;;;;;;;;;;;;;;;;;;;;;;;;;;;;;;;;;;;;;;;;;;;;;;;
23.11.2017 18:02:10;Suomi;Opiskelen nykyisten tutkintovaatimuksien mukaisesti;Sosiaalitieteiden kandiohjelma;2017;2;4;1;En;Kyllä;4;3;3;3;2;Kyllä;En;En;;;;;;;;;;;;;;;;;;;;;;;;;;;;;;;;;;;;;;;;;;;;;;;;;;;;;;;;;;
24.11.2017 11:26:30;Suomi;Opiskelen nykyisten tutkintovaatimuksien mukaisesti;Yhteiskunnallisen muutoksen maisteriohjelma;2017;5;5;4;Kyllä;Kyllä;5;5;5;5;5;Kyllä;Kyllä;Kyllä;;;;;;;;;;;;;;;;;;;;;;;;;;;;;;;;;;;;;;;;;;;;;;;;;;;;;;;;;;
27.11.2017 18:47:06;Suomi;Opiskelen nykyisten tutkintovaatimuksien mukaisesti;Sosiaalitieteiden kandiohjelma;2017;3;5;2;Kyllä;Kyllä;5;5;4;4;2;Minulla ei ole ollut opintoihin liittyviä ongelmatilanteita;En;En;;;;;;;;;;;;;;;;;;;;;;;;;;;;;;;;;;;;;;;;;;;;;;;;;;;;;;;;;;
27.11.2017 23:33:51;Suomi;Opiskelen nykyisten tutkintovaatimuksien mukaisesti;Sosiaalitieteiden kandiohjelma;2017;2;3;1;En;Kyllä;2;1;2;3;2;Kyllä;En;En;;;;;;;;;;;;;;;;;;;;;;;;;;;;;;;;;;;;;;;;;;;;;;;;;;;;;;;;;;
28.11.2017 10:12:39;Suomi;Opiskelen nykyisten tutkintovaatimuksien mukaisesti;Yhteiskunnallisen muutoksen maisteriohjelma;2017;2;2;1;Kyllä;En;1;1;2;4;2;En;En;En;;;;;;;;;;;;;;;;;;;;;;;;;;;;;;;;;;;;;;;;;;;;;;;;;;;;;;;;;;
29.11.2017 11:21:53;Suomi;Opiskelen nykyisten tutkintovaatimuksien mukaisesti;Sosiaalitieteiden maisteriohjelma;2015;2;5;3;Opintosuunnan valinta ei kosketa minua;En;2;2;2;4;1;Kyllä;En;Kyllä;;;;;;;;;;;;;;;;;;;;;;;;;;;;;;;;;;;;;;;;;;;;;;;;;;;;;;;;;;
29.11.2017 17:04:15;Suomi;Opiskelen nykyisten tutkintovaatimuksien mukaisesti;Sosiaalitieteiden maisteriohjelma;2015;2;5;3;Opintosuunnan valinta ei kosketa minua;Opintosuunnan valinta ei kosketa minua;4;2;4;4;3;Kyllä;Kyllä;Kyllä;;;;;;;;;;;;;;;;;;;;;;;;;;;;;;;;;;;;;;;;;;;;;;;;;;;;;;;;;;
29.11.2017 17:28:16;Suomi;Opiskelen nykyisten tutkintovaatimuksien mukaisesti;Taloustieteen maisteriohjelma;2014;3;5;3;Opintosuunnan valinta ei kosketa minua;Opintosuunnan valinta ei kosketa minua;1;5;1;1;1;Minulla ei ole ollut opintoihin liittyviä ongelmatilanteita;En;Kyllä;;;;;;;;;;;;;;;;;;;;;;;;;;;;;;;;;;;;;;;;;;;;;;;;;;;;;;;;;;
29.11.2017 17:40:11;Suomi;Opiskelen nykyisten tutkintovaatimuksien mukaisesti;Taloustieteen maisteriohjelma;2017;4;5;3;Opintosuunnan valinta ei kosketa minua;Opintosuunnan valinta ei kosketa minua;2;5;2;2;1;En;En;En;;;;;;;;;;;;;;;;;;;;;;;;;;;;;;;;;;;;;;;;;;;;;;;;;;;;;;;;;;
30.11.2017 9:44:13;Suomi;Opiskelen nykyisten tutkintovaatimuksien mukaisesti;Taloustieteen maisteriohjelma;2013;3;5;3;Opintosuunnan valinta ei kosketa minua;Opintosuunnan valinta ei kosketa minua;4;4;1;1;2;Minulla ei ole ollut opintoihin liittyviä ongelmatilanteita;En;Kyllä;;;;;;;;;;;;;;;;;;;;;;;;;;;;;;;;;;;;;;;;;;;;;;;;;;;;;;;;;;
30.11.2017 22:06:22;Suomi;Opiskelen nykyisten tutkintovaatimuksien mukaisesti;Sosiaalitieteiden kandiohjelma;2017;3;4;1;Kyllä;Kyllä;4;4;3;3;4;Kyllä;En;En;;;;;;;;;;;;;;;;;;;;;;;;;;;;;;;;;;;;;;;;;;;;;;;;;;;;;;;;;;
20.11.2017 12:24:33;Suomi;Opiskelen vanhojen tutkintovaatimuksien mukaisesti;;;;;;;;;;;;;;;;Kandidaatti;Kehitysmaatutkimus;2014;2;2;1;1;En;Kyllä;Kyllä;Kyllä;En;5;1;En;En;Kyllä;Kyllä;1;1;1;1;3;Kyllä;Kyllä;;;;;;;;;;;;;;;;;;;;;;;;;;;;;;;;;
20.11.2017 12:27:27;Suomi;Opiskelen vanhojen tutkintovaatimuksien mukaisesti;;;;;;;;;;;;;;;;Maisteri;Sosiaalipsykologia;2011 tai aiemmin;2;2;2;2;En;En;En;En;En;4;2;Kyllä;Kyllä;Ei;Kyllä;1;1;3;2;2;En;En;;;;;;;;;;;;;;;;;;;;;;;;;;;;;;;;;
20.11.2017 12:31:29;Suomi;Opiskelen vanhojen tutkintovaatimuksien mukaisesti;;;;;;;;;;;;;;;;Kandidaatti;Yleinen valtio-oppi;2014;3;3;3;3;Kyllä;Kyllä;Kyllä;En;En;3;3;Kyllä;En;Kyllä;Kyllä;4;4;3;2;3;En;En;;;;;;;;;;;;;;;;;;;;;;;;;;;;;;;;;
20.11.2017 12:34:19;Suomi;Opiskelen vanhojen tutkintovaatimuksien mukaisesti;;;;;;;;;;;;;;;;Maisteri;Sosiologia;2014;4;5;3;3;Minulla ei ole ollut opintoihin liittyviä ongelmatilanteita;Kyllä;Kyllä;Kyllä;Kyllä;1;4;Kyllä;Kyllä;Kyllä;Kyllä;2;1;1;4;3;En;En;;;;;;;;;;;;;;;;;;;;;;;;;;;;;;;;;
20.11.2017 12:34:46;Suomi;Opiskelen vanhojen tutkintovaatimuksien mukaisesti;;;;;;;;;;;;;;;;Kandidaatti;Viestintä;2015;4;4;2;2;Kyllä;Kyllä;Kyllä;En;En;2;3;Kyllä;Kyllä;En osaa sanoa;Kyllä;2;3;1;3;3;En;En;;;;;;;;;;;;;;;;;;;;;;;;;;;;;;;;;
20.11.2017 12:34:50;Suomi;Opiskelen vanhojen tutkintovaatimuksien mukaisesti;;;;;;;;;;;;;;;;Kandidaatti;Sosiaali- ja kulttuuriantropologia;2016;3;3;2;1;En;Kyllä;Kyllä;En;En;4;3;Kyllä;Kyllä;Ei;En osaa sanoa;3;1;1;3;2;En;Kyllä;;;;;;;;;;;;;;;;;;;;;;;;;;;;;;;;;
20.11.2017 12:35:13;Suomi;Opiskelen vanhojen tutkintovaatimuksien mukaisesti;;;;;;;;;;;;;;;;Kandidaatti;Sosiaalityö;2015;2;1;2;1;En;Kyllä;En;En;En;2;1;Kyllä;En;En osaa sanoa;En osaa sanoa;1;4;1;1;1;En;En;;;;;;;;;;;;;;;;;;;;;;;;;;;;;;;;;
20.11.2017 12:36:56;Suomi;Opiskelen vanhojen tutkintovaatimuksien mukaisesti;;;;;;;;;;;;;;;;Kandidaatti;Kehitysmaatutkimus;2016;3;4;2;2;Minulla ei ole ollut opintoihin liittyviä ongelmatilanteita;Kyllä;Kyllä;En;En;4;3;Kyllä;Kyllä;Ei;En osaa sanoa;3;2;3;1;1;En;En;;;;;;;;;;;;;;;;;;;;;;;;;;;;;;;;;
20.11.2017 12:36:59;Suomi;Opiskelen vanhojen tutkintovaatimuksien mukaisesti;;;;;;;;;;;;;;;;Kandidaatti;Poliittinen historia;2015;4;4;2;3;Kyllä;Kyllä;Kyllä;Kyllä;En;3;3;Kyllä;Kyllä;Kyllä;En osaa sanoa;3;4;1;4;2;Kyllä;Kyllä;;;;;;;;;;;;;;;;;;;;;;;;;;;;;;;;;
20.11.2017 12:37:41;Suomi;Opiskelen vanhojen tutkintovaatimuksien mukaisesti;;;;;;;;;;;;;;;;Kandidaatti;Yleinen valtio-oppi;2016;3;3;4;2;Kyllä;Kyllä;Kyllä;Kyllä;En;1;2;Kyllä;Kyllä;Kyllä;Kyllä;1;1;1;2;2;Kyllä;Kyllä;;;;;;;;;;;;;;;;;;;;;;;;;;;;;;;;;
20.11.2017 12:37:43;Suomi;Opiskelen vanhojen tutkintovaatimuksien mukaisesti;;;;;;;;;;;;;;;;Kandidaatti;Viestintä;2011 tai aiemmin;1;1;1;1;En;En;En;En;En;5;1;En;En;En osaa sanoa;Kyllä;1;3;3;1;1;En;En;;;;;;;;;;;;;;;;;;;;;;;;;;;;;;;;;
20.11.2017 12:38:13;Suomi;Opiskelen vanhojen tutkintovaatimuksien mukaisesti;;;;;;;;;;;;;;;;Kandidaatti;Talous- ja sosiaalihistoria;2015;3;5;3;4;Minulla ei ole ollut opintoihin liittyviä ongelmatilanteita;Kyllä;Kyllä;Kyllä;Kyllä;2;2;Kyllä;Kyllä;En osaa sanoa;En osaa sanoa;3;3;4;4;3;En;Kyllä;;;;;;;;;;;;;;;;;;;;;;;;;;;;;;;;;
20.11.2017 12:38:23;Suomi;Opiskelen vanhojen tutkintovaatimuksien mukaisesti;;;;;;;;;;;;;;;;Kandidaatti;Viestintä;2014;2;2;4;1;En;Kyllä;Kyllä;Kyllä;Kyllä;2;2;Kyllä;En;En osaa sanoa;Kyllä;2;2;1;2;3;En;Kyllä;;;;;;;;;;;;;;;;;;;;;;;;;;;;;;;;;
20.11.2017 12:38:29;Suomi;Opiskelen vanhojen tutkintovaatimuksien mukaisesti;;;;;;;;;;;;;;;;Kandidaatti;Yleinen valtio-oppi;2015;2;2;2;1;En;Kyllä;En;En;En;4;2;Kyllä;Kyllä;Ei;En osaa sanoa;1;1;1;1;1;En;En;;;;;;;;;;;;;;;;;;;;;;;;;;;;;;;;;
20.11.2017 12:40:19;Suomi;Opiskelen vanhojen tutkintovaatimuksien mukaisesti;;;;;;;;;;;;;;;;Kandidaatti;Viestintä;2016;3;4;3;4;Kyllä;Kyllä;Kyllä;En;En;3;3;Kyllä;En;En osaa sanoa;Kyllä;4;1;2;3;3;En;Kyllä;;;;;;;;;;;;;;;;;;;;;;;;;;;;;;;;;
20.11.2017 12:41:38;Suomi;Opiskelen vanhojen tutkintovaatimuksien mukaisesti;;;;;;;;;;;;;;;;Kandidaatti;Yhteiskuntapolitiikka;2015;1;1;3;2;Kyllä;Kyllä;Kyllä;Kyllä;Kyllä;3;1;Kyllä;En;Kyllä;Kyllä;1;1;3;2;3;En;Kyllä;;;;;;;;;;;;;;;;;;;;;;;;;;;;;;;;;
20.11.2017 12:41:45;Suomi;Opiskelen vanhojen tutkintovaatimuksien mukaisesti;;;;;;;;;;;;;;;;Maisteri;Poliittinen historia;2013;4;2;3;3;Minulla ei ole ollut opintoihin liittyviä ongelmatilanteita;Kyllä;Kyllä;En;En;3;3;En;En;En osaa sanoa;Kyllä;2;1;1;2;3;En;Kyllä;;;;;;;;;;;;;;;;;;;;;;;;;;;;;;;;;
20.11.2017 12:42:08;Suomi;Opiskelen vanhojen tutkintovaatimuksien mukaisesti;;;;;;;;;;;;;;;;Kandidaatti;Viestintä;2016;3;4;3;4;Kyllä;Kyllä;Kyllä;En;En;2;2;Kyllä;Kyllä;En osaa sanoa;Kyllä;2;2;2;2;2;Kyllä;Kyllä;;;;;;;;;;;;;;;;;;;;;;;;;;;;;;;;;
20.11.2017 12:43:23;Suomi;Opiskelen vanhojen tutkintovaatimuksien mukaisesti;;;;;;;;;;;;;;;;Kandidaatti;Yleinen valtio-oppi;2016;2;2;5;3;Kyllä;Kyllä;Kyllä;En;En;4;1;Kyllä;En;Kyllä;Kyllä;2;1;1;4;4;En;Kyllä;;;;;;;;;;;;;;;;;;;;;;;;;;;;;;;;;
20.11.2017 12:43:44;Suomi;Opiskelen vanhojen tutkintovaatimuksien mukaisesti;;;;;;;;;;;;;;;;Kandidaatti;Poliittinen historia;2015;4;4;2;3;Minulla ei ole ollut opintoihin liittyviä ongelmatilanteita;Kyllä;Kyllä;En;En;3;1;Kyllä;Kyllä;Kyllä;En osaa sanoa;2;5;1;3;3;Kyllä;Kyllä;;;;;;;;;;;;;;;;;;;;;;;;;;;;;;;;;
20.11.2017 12:44:26;Suomi;Opiskelen vanhojen tutkintovaatimuksien mukaisesti;;;;;;;;;;;;;;;;Maisteri;Yhteiskuntapolitiikka;2011 tai aiemmin;3;3;4;3;Kyllä;Kyllä;Kyllä;Kyllä;Kyllä;3;3;Kyllä;En;En osaa sanoa;En osaa sanoa;3;1;3;2;2;En;En;;;;;;;;;;;;;;;;;;;;;;;;;;;;;;;;;
20.11.2017 12:46:51;Suomi;Opiskelen vanhojen tutkintovaatimuksien mukaisesti;;;;;;;;;;;;;;;;Kandidaatti;Kehitysmaatutkimus;2016;2;3;1;1;En;Kyllä;Kyllä;Kyllä;Kyllä;4;3;Kyllä;Kyllä;Kyllä;En osaa sanoa;4;1;2;3;3;En;Kyllä;;;;;;;;;;;;;;;;;;;;;;;;;;;;;;;;;
20.11.2017 12:47:05;Suomi;Opiskelen vanhojen tutkintovaatimuksien mukaisesti;;;;;;;;;;;;;;;;Kandidaatti;Yhteiskuntapolitiikka;2016;3;2;4;3;Kyllä;Kyllä;Kyllä;Kyllä;Kyllä;4;2;Kyllä;Kyllä;En osaa sanoa;En osaa sanoa;3;1;1;4;4;En;Kyllä;;;;;;;;;;;;;;;;;;;;;;;;;;;;;;;;;
20.11.2017 12:47:29;Suomi;Opiskelen vanhojen tutkintovaatimuksien mukaisesti;;;;;;;;;;;;;;;;Kandidaatti;Poliittinen historia;2016;3;3;2;3;Minulla ei ole ollut opintoihin liittyviä ongelmatilanteita;Kyllä;Kyllä;Kyllä;Kyllä;3;3;Kyllä;Kyllä;Kyllä;En osaa sanoa;3;1;1;3;2;En;Kyllä;;;;;;;;;;;;;;;;;;;;;;;;;;;;;;;;;
20.11.2017 12:47:44;Suomi;Opiskelen vanhojen tutkintovaatimuksien mukaisesti;;;;;;;;;;;;;;;;Kandidaatti;Yleinen valtio-oppi;2016;1;1;3;1;En;Kyllä;En;En;En;2;1;Kyllä;En;Kyllä;En osaa sanoa;1;3;3;3;3;Kyllä;Kyllä;;;;;;;;;;;;;;;;;;;;;;;;;;;;;;;;;
20.11.2017 12:48:04;Suomi;Opiskelen vanhojen tutkintovaatimuksien mukaisesti;;;;;;;;;;;;;;;;Maisteri;Sosiaali- ja kulttuuriantropologia;2011 tai aiemmin;4;3;2;3;Kyllä;Kyllä;En;En;En;5;1;Kyllä;Kyllä;Ei;Kyllä;1;1;1;1;1;En;Kyllä;;;;;;;;;;;;;;;;;;;;;;;;;;;;;;;;;
20.11.2017 12:51:06;Suomi;Opiskelen vanhojen tutkintovaatimuksien mukaisesti;;;;;;;;;;;;;;;;Kandidaatti;Poliittinen historia;2015;4;4;3;2;Kyllä;Kyllä;Kyllä;Kyllä;Kyllä;3;1;Kyllä;Kyllä;Kyllä;En osaa sanoa;3;5;1;4;2;Kyllä;Kyllä;;;;;;;;;;;;;;;;;;;;;;;;;;;;;;;;;
20.11.2017 12:52:25;Suomi;Opiskelen vanhojen tutkintovaatimuksien mukaisesti;;;;;;;;;;;;;;;;Maisteri;Yleinen valtio-oppi;2012;5;4;3;4;Kyllä;Kyllä;Kyllä;En;En;2;3;Kyllä;Kyllä;En osaa sanoa;En osaa sanoa;2;1;1;3;3;En;En;;;;;;;;;;;;;;;;;;;;;;;;;;;;;;;;;
20.11.2017 12:52:46;Suomi;Opiskelen vanhojen tutkintovaatimuksien mukaisesti;;;;;;;;;;;;;;;;Kandidaatti;Taloustiede;2016;4;5;3;4;Kyllä;Kyllä;En;En;En;4;3;Kyllä;Kyllä;Ei;En osaa sanoa;5;4;2;4;4;En;Kyllä;;;;;;;;;;;;;;;;;;;;;;;;;;;;;;;;;
20.11.2017 12:53:58;Suomi;Opiskelen vanhojen tutkintovaatimuksien mukaisesti;;;;;;;;;;;;;;;;Maisteri;Sosiaalityö;2015;2;3;2;2;En;En;En;En;En;4;1;En;En;En osaa sanoa;En osaa sanoa;2;2;1;2;2;En;En;;;;;;;;;;;;;;;;;;;;;;;;;;;;;;;;;
20.11.2017 12:54:41;Suomi;Opiskelen vanhojen tutkintovaatimuksien mukaisesti;;;;;;;;;;;;;;;;Kandidaatti;Taloustiede;2014;3;2;4;4;Minulla ei ole ollut opintoihin liittyviä ongelmatilanteita;Kyllä;Kyllä;Kyllä;Kyllä;2;3;Kyllä;Kyllä;Ei;En osaa sanoa;3;2;2;4;4;Kyllä;Kyllä;;;;;;;;;;;;;;;;;;;;;;;;;;;;;;;;;
20.11.2017 12:54:42;Suomi;Opiskelen vanhojen tutkintovaatimuksien mukaisesti;;;;;;;;;;;;;;;;Kandidaatti;Taloustiede;2016;4;5;3;3;Minulla ei ole ollut opintoihin liittyviä ongelmatilanteita;Kyllä;Kyllä;Kyllä;Kyllä;1;4;Kyllä;Kyllä;Ei;En osaa sanoa;3;4;3;4;3;Kyllä;Kyllä;;;;;;;;;;;;;;;;;;;;;;;;;;;;;;;;;
20.11.2017 12:54:59;Suomi;Opiskelen vanhojen tutkintovaatimuksien mukaisesti;;;;;;;;;;;;;;;;Kandidaatti;Taloustiede;2015;4;4;2;3;Minulla ei ole ollut opintoihin liittyviä ongelmatilanteita;Kyllä;Kyllä;En;Kyllä;3;4;Kyllä;Kyllä;Ei;Ei;2;1;1;3;2;En;En;;;;;;;;;;;;;;;;;;;;;;;;;;;;;;;;;
20.11.2017 12:57:08;Suomi;Opiskelen vanhojen tutkintovaatimuksien mukaisesti;;;;;;;;;;;;;;;;Kandidaatti;Tilastotiede;2016;2;2;3;3;Kyllä;Kyllä;Kyllä;Kyllä;Kyllä;2;3;Kyllä;Kyllä;Ei;Ei;4;2;3;4;4;En;Kyllä;;;;;;;;;;;;;;;;;;;;;;;;;;;;;;;;;
20.11.2017 12:57:21;Suomi;Opiskelen vanhojen tutkintovaatimuksien mukaisesti;;;;;;;;;;;;;;;;Kandidaatti;Talous- ja sosiaalihistoria;2015;4;4;3;4;Minulla ei ole ollut opintoihin liittyviä ongelmatilanteita;Kyllä;En;Kyllä;Kyllä;2;3;Kyllä;Kyllä;Ei;Kyllä;2;3;2;3;2;Kyllä;Kyllä;;;;;;;;;;;;;;;;;;;;;;;;;;;;;;;;;
20.11.2017 12:57:29;Suomi;Opiskelen vanhojen tutkintovaatimuksien mukaisesti;;;;;;;;;;;;;;;;Maisteri;Taloustiede;2011 tai aiemmin;2;2;3;3;Minulla ei ole ollut opintoihin liittyviä ongelmatilanteita;En;En;En;En;4;2;Kyllä;Kyllä;Kyllä;En osaa sanoa;2;3;3;2;2;En;Kyllä;;;;;;;;;;;;;;;;;;;;;;;;;;;;;;;;;
20.11.2017 12:58:42;Suomi;Opiskelen vanhojen tutkintovaatimuksien mukaisesti;;;;;;;;;;;;;;;;Kandidaatti;Taloustiede;2017;2;2;2;4;Kyllä;En;En;En;En;4;2;En;En;En osaa sanoa;En osaa sanoa;4;4;2;1;1;En;En;;;;;;;;;;;;;;;;;;;;;;;;;;;;;;;;;
20.11.2017 13:00:24;Suomi;Opiskelen vanhojen tutkintovaatimuksien mukaisesti;;;;;;;;;;;;;;;;Maisteri;Sosiologia;2016;2;4;4;1;Kyllä;Kyllä;Kyllä;Kyllä;Kyllä;3;4;Kyllä;Kyllä;En osaa sanoa;Ei;3;1;1;1;1;En;Kyllä;;;;;;;;;;;;;;;;;;;;;;;;;;;;;;;;;
20.11.2017 13:01:09;Suomi;Opiskelen vanhojen tutkintovaatimuksien mukaisesti;;;;;;;;;;;;;;;;Kandidaatti;Poliittinen historia;2015;3;3;1;2;Minulla ei ole ollut opintoihin liittyviä ongelmatilanteita;Kyllä;En;Kyllä;En;5;2;Kyllä;Kyllä;En osaa sanoa;Kyllä;1;1;1;2;2;En;Kyllä;;;;;;;;;;;;;;;;;;;;;;;;;;;;;;;;;
20.11.2017 13:01:56;Suomi;Opiskelen vanhojen tutkintovaatimuksien mukaisesti;;;;;;;;;;;;;;;;Maisteri;Poliittinen historia;2014;3;1;2;2;En;Kyllä;Kyllä;Kyllä;Kyllä;3;3;En;En;Kyllä;Kyllä;1;3;1;2;4;En;Kyllä;;;;;;;;;;;;;;;;;;;;;;;;;;;;;;;;;
20.11.2017 13:02:21;Suomi;Opiskelen vanhojen tutkintovaatimuksien mukaisesti;;;;;;;;;;;;;;;;Kandidaatti;Sosiologia;2016;2;2;5;2;Kyllä;Kyllä;Kyllä;Kyllä;Kyllä;4;2;Kyllä;Kyllä;Kyllä;Kyllä;2;1;1;;;;;;;;;;;;;;;;;;;;;;;;;;;;;;;;;;;;;
20.11.2017 13:04:22;Suomi;Opiskelen vanhojen tutkintovaatimuksien mukaisesti;;;;;;;;;;;;;;;;Maisteri;Poliittinen historia;2013;2;2;1;2;Minulla ei ole ollut opintoihin liittyviä ongelmatilanteita;Kyllä;Kyllä;Kyllä;Kyllä;5;2;Kyllä;Kyllä;En osaa sanoa;En osaa sanoa;2;1;1;;;;;;;;;;;;;;;;;;;;;;;;;;;;;;;;;;;;;
20.11.2017 13:10:29;Suomi;Opiskelen vanhojen tutkintovaatimuksien mukaisesti;;;;;;;;;;;;;;;;Kandidaatti;Sosiologia;2016;4;3;5;4;Kyllä;Kyllä;Kyllä;En;Kyllä;4;3;Kyllä;En;Kyllä;Kyllä;4;1;3;4;2;Kyllä;Kyllä;;;;;;;;;;;;;;;;;;;;;;;;;;;;;;;;;
20.11.2017 13:12:03;Suomi;Opiskelen vanhojen tutkintovaatimuksien mukaisesti;;;;;;;;;;;;;;;;Maisteri;Viestintä;2013;3;2;4;2;Kyllä;Kyllä;En;En;En;3;1;Kyllä;En;Ei;En osaa sanoa;2;1;1;2;1;En;Kyllä;;;;;;;;;;;;;;;;;;;;;;;;;;;;;;;;;
20.11.2017 13:12:15;Suomi;Opiskelen vanhojen tutkintovaatimuksien mukaisesti;;;;;;;;;;;;;;;;Kandidaatti;Viestintä;2015;4;3;5;5;Minulla ei ole ollut opintoihin liittyviä ongelmatilanteita;Kyllä;Kyllä;En;En;3;1;Kyllä;Kyllä;Ei;En osaa sanoa;1;1;1;4;4;En;Kyllä;;;;;;;;;;;;;;;;;;;;;;;;;;;;;;;;;
20.11.2017 13:12:40;Suomi;Opiskelen vanhojen tutkintovaatimuksien mukaisesti;;;;;;;;;;;;;;;;Kandidaatti;Yhteiskuntapolitiikka;2016;2;2;1;1;En;Kyllä;Kyllä;En;En;3;2;Kyllä;En;En osaa sanoa;Kyllä;4;4;1;1;2;En;En;;;;;;;;;;;;;;;;;;;;;;;;;;;;;;;;;
20.11.2017 13:14:21;Suomi;Opiskelen vanhojen tutkintovaatimuksien mukaisesti;;;;;;;;;;;;;;;;Maisteri;Sosiaalityö;2012;2;3;3;4;Kyllä;Kyllä;Kyllä;En;En;5;3;En;Kyllä;En osaa sanoa;Kyllä;3;1;3;4;2;En;En;;;;;;;;;;;;;;;;;;;;;;;;;;;;;;;;;
20.11.2017 13:14:42;Suomi;Opiskelen vanhojen tutkintovaatimuksien mukaisesti;;;;;;;;;;;;;;;;Maisteri;Sosiaalipsykologia;2014;4;3;3;4;Kyllä;Kyllä;En;Kyllä;En;3;3;Kyllä;Kyllä;En osaa sanoa;En osaa sanoa;3;1;2;2;2;En;En;;;;;;;;;;;;;;;;;;;;;;;;;;;;;;;;;
20.11.2017 13:15:23;Suomi;Opiskelen vanhojen tutkintovaatimuksien mukaisesti;;;;;;;;;;;;;;;;Kandidaatti;Viestintä;2016;2;4;4;3;Kyllä;Kyllä;Kyllä;Kyllä;Kyllä;3;3;Kyllä;En;Kyllä;Kyllä;2;1;1;3;2;Kyllä;Kyllä;;;;;;;;;;;;;;;;;;;;;;;;;;;;;;;;;
20.11.2017 13:18:20;Suomi;Opiskelen vanhojen tutkintovaatimuksien mukaisesti;;;;;;;;;;;;;;;;Kandidaatti;Viestintä;2016;3;2;1;1;En;Kyllä;Kyllä;En;En;4;1;Kyllä;En;Ei;Ei;2;1;4;3;3;En;Kyllä;;;;;;;;;;;;;;;;;;;;;;;;;;;;;;;;;
20.11.2017 13:18:32;Suomi;Opiskelen vanhojen tutkintovaatimuksien mukaisesti;;;;;;;;;;;;;;;;Kandidaatti;Sosiaalipsykologia;2015;4;2;1;1;En;Kyllä;Kyllä;Kyllä;Kyllä;5;2;En;En;Ei;Ei;2;2;1;2;2;Kyllä;En;;;;;;;;;;;;;;;;;;;;;;;;;;;;;;;;;
20.11.2017 13:19:11;Suomi;Opiskelen vanhojen tutkintovaatimuksien mukaisesti;;;;;;;;;;;;;;;;Kandidaatti;Viestintä;2015;2;3;3;4;Kyllä;Kyllä;Kyllä;En;En;2;1;En;Kyllä;En osaa sanoa;En osaa sanoa;4;2;1;2;2;En;Kyllä;;;;;;;;;;;;;;;;;;;;;;;;;;;;;;;;;
20.11.2017 13:20:04;Suomi;Opiskelen vanhojen tutkintovaatimuksien mukaisesti;;;;;;;;;;;;;;;;Kandidaatti;Taloustiede;2015;4;4;2;2;En;Kyllä;Kyllä;Kyllä;En;1;2;Kyllä;Kyllä;Ei;Ei;2;2;1;2;3;Kyllä;Kyllä;;;;;;;;;;;;;;;;;;;;;;;;;;;;;;;;;
20.11.2017 13:20:45;Suomi;Opiskelen vanhojen tutkintovaatimuksien mukaisesti;;;;;;;;;;;;;;;;Kandidaatti;Taloustiede;2015;3;3;1;1;En;Kyllä;Kyllä;En;En;2;4;Kyllä;En;Ei;En osaa sanoa;3;2;2;2;2;Kyllä;Kyllä;;;;;;;;;;;;;;;;;;;;;;;;;;;;;;;;;
20.11.2017 13:23:37;Suomi;Opiskelen vanhojen tutkintovaatimuksien mukaisesti;;;;;;;;;;;;;;;;Kandidaatti;Käytännöllinen filosofia;2016;2;4;2;2;Kyllä;Kyllä;En;En;En;5;1;Kyllä;Kyllä;Kyllä;En osaa sanoa;1;1;1;2;1;En;En;;;;;;;;;;;;;;;;;;;;;;;;;;;;;;;;;
20.11.2017 13:24:46;Suomi;Opiskelen vanhojen tutkintovaatimuksien mukaisesti;;;;;;;;;;;;;;;;Maisteri;Sosiologia;2011 tai aiemmin;1;1;2;1;En;Kyllä;Kyllä;En;En;5;1;En;En;Kyllä;Kyllä;1;1;1;1;1;En;En;;;;;;;;;;;;;;;;;;;;;;;;;;;;;;;;;
20.11.2017 13:28:10;Suomi;Opiskelen vanhojen tutkintovaatimuksien mukaisesti;;;;;;;;;;;;;;;;Maisteri;Sosiologia;2013;1;1;1;1;En;Kyllä;En;En;Kyllä;3;5;En;Kyllä;Kyllä;En osaa sanoa;1;1;5;3;1;En;Kyllä;;;;;;;;;;;;;;;;;;;;;;;;;;;;;;;;;
20.11.2017 13:29:48;Suomi;Opiskelen vanhojen tutkintovaatimuksien mukaisesti;;;;;;;;;;;;;;;;Kandidaatti;Yleinen valtio-oppi;2016;2;2;1;2;En;Kyllä;En;En;En;5;1;Kyllä;Kyllä;Kyllä;Kyllä;1;1;1;1;1;Kyllä;Kyllä;;;;;;;;;;;;;;;;;;;;;;;;;;;;;;;;;
20.11.2017 13:32:45;Suomi;Opiskelen vanhojen tutkintovaatimuksien mukaisesti;;;;;;;;;;;;;;;;Maisteri;Sosiaalipsykologia;2014;3;4;4;2;Kyllä;Kyllä;En;Kyllä;Kyllä;4;2;Kyllä;Kyllä;En osaa sanoa;En osaa sanoa;3;4;1;2;2;Kyllä;Kyllä;;;;;;;;;;;;;;;;;;;;;;;;;;;;;;;;;
20.11.2017 13:33:51;Suomi;Opiskelen vanhojen tutkintovaatimuksien mukaisesti;;;;;;;;;;;;;;;;Kandidaatti;Viestintä;2016;2;1;4;3;En;Kyllä;Kyllä;En;En;4;1;En;Kyllä;En osaa sanoa;Kyllä;3;2;2;4;4;En;Kyllä;;;;;;;;;;;;;;;;;;;;;;;;;;;;;;;;;
20.11.2017 13:45:21;Suomi;Opiskelen vanhojen tutkintovaatimuksien mukaisesti;;;;;;;;;;;;;;;;Kandidaatti;Yleinen valtio-oppi;2014;2;1;2;2;Kyllä;Kyllä;Kyllä;Kyllä;Kyllä;3;2;Kyllä;Kyllä;En osaa sanoa;Kyllä;2;3;3;1;2;Kyllä;Kyllä;;;;;;;;;;;;;;;;;;;;;;;;;;;;;;;;;
20.11.2017 13:55:15;Suomi;Opiskelen vanhojen tutkintovaatimuksien mukaisesti;;;;;;;;;;;;;;;;Maisteri;Talous- ja sosiaalihistoria;2016;3;3;2;2;Kyllä;Kyllä;En;Kyllä;Kyllä;4;3;Kyllä;Kyllä;Ei;Kyllä;3;4;3;3;3;En;Kyllä;;;;;;;;;;;;;;;;;;;;;;;;;;;;;;;;;
20.11.2017 13:58:35;Suomi;Opiskelen vanhojen tutkintovaatimuksien mukaisesti;;;;;;;;;;;;;;;;Kandidaatti;Viestintä;2016;3;3;2;4;Minulla ei ole ollut opintoihin liittyviä ongelmatilanteita;Kyllä;Kyllä;Kyllä;Kyllä;4;2;En;En;Ei;Kyllä;3;4;3;2;1;En;Kyllä;;;;;;;;;;;;;;;;;;;;;;;;;;;;;;;;;
20.11.2017 14:00:59;Suomi;Opiskelen vanhojen tutkintovaatimuksien mukaisesti;;;;;;;;;;;;;;;;Maisteri;Sosiaalipsykologia;2013;2;3;1;1;Kyllä;Kyllä;En;Kyllä;En;4;1;Kyllä;Kyllä;Kyllä;Kyllä;2;1;1;2;2;En;Kyllä;;;;;;;;;;;;;;;;;;;;;;;;;;;;;;;;;
20.11.2017 14:01:51;Suomi;Opiskelen vanhojen tutkintovaatimuksien mukaisesti;;;;;;;;;;;;;;;;Kandidaatti;Talous- ja sosiaalihistoria;2016;1;2;1;1;En;Kyllä;En;Kyllä;En;5;2;Kyllä;Kyllä;Kyllä;Kyllä;1;2;1;1;1;En;Kyllä;;;;;;;;;;;;;;;;;;;;;;;;;;;;;;;;;
20.11.2017 14:05:27;Suomi;Opiskelen vanhojen tutkintovaatimuksien mukaisesti;;;;;;;;;;;;;;;;Kandidaatti;Sosiaalityö;2016;1;1;1;2;En;Kyllä;Kyllä;En;En;2;3;Kyllä;Kyllä;Kyllä;Ei;5;5;1;3;3;En;Kyllä;;;;;;;;;;;;;;;;;;;;;;;;;;;;;;;;;
20.11.2017 14:05:59;Suomi;Opiskelen vanhojen tutkintovaatimuksien mukaisesti;;;;;;;;;;;;;;;;Kandidaatti;Käytännöllinen filosofia;2014;2;2;2;4;Kyllä;Kyllä;En;Kyllä;Kyllä;4;1;Kyllä;Kyllä;En osaa sanoa;Kyllä;1;3;1;2;2;En;En;;;;;;;;;;;;;;;;;;;;;;;;;;;;;;;;;
20.11.2017 14:06:13;Suomi;Opiskelen vanhojen tutkintovaatimuksien mukaisesti;;;;;;;;;;;;;;;;Kandidaatti;Viestintä;2015;2;1;1;2;En;Kyllä;Kyllä;Kyllä;En;4;2;En;En;Ei;Kyllä;3;5;4;1;1;Kyllä;Kyllä;;;;;;;;;;;;;;;;;;;;;;;;;;;;;;;;;
20.11.2017 14:06:41;Suomi;Opiskelen vanhojen tutkintovaatimuksien mukaisesti;;;;;;;;;;;;;;;;Maisteri;Sosiaalityö;2014;2;2;2;3;Kyllä;Kyllä;Kyllä;Kyllä;Kyllä;3;4;Kyllä;Kyllä;Kyllä;Kyllä;4;4;1;3;3;Kyllä;Kyllä;;;;;;;;;;;;;;;;;;;;;;;;;;;;;;;;;
20.11.2017 14:07:41;Suomi;Opiskelen vanhojen tutkintovaatimuksien mukaisesti;;;;;;;;;;;;;;;;Kandidaatti;Sosiologia;2013;1;1;4;3;Kyllä;En;En;Kyllä;Kyllä;3;2;Kyllä;En;Kyllä;Kyllä;2;4;3;2;3;Kyllä;Kyllä;;;;;;;;;;;;;;;;;;;;;;;;;;;;;;;;;
20.11.2017 14:13:46;Suomi;Opiskelen vanhojen tutkintovaatimuksien mukaisesti;;;;;;;;;;;;;;;;Kandidaatti;Viestintä;2016;2;2;2;2;Kyllä;Kyllä;Kyllä;Kyllä;Kyllä;5;2;Kyllä;En;En osaa sanoa;Kyllä;4;1;1;2;4;Kyllä;Kyllä;;;;;;;;;;;;;;;;;;;;;;;;;;;;;;;;;
20.11.2017 14:15:20;Suomi;Opiskelen vanhojen tutkintovaatimuksien mukaisesti;;;;;;;;;;;;;;;;Kandidaatti;Viestintä;2015;4;4;4;2;En;Kyllä;Kyllä;En;En;3;3;Kyllä;Kyllä;En osaa sanoa;En osaa sanoa;2;2;2;4;4;En;Kyllä;;;;;;;;;;;;;;;;;;;;;;;;;;;;;;;;;
20.11.2017 14:18:01;Suomi;Opiskelen vanhojen tutkintovaatimuksien mukaisesti;;;;;;;;;;;;;;;;Kandidaatti;Yleinen valtio-oppi;2016;3;2;4;3;Minulla ei ole ollut opintoihin liittyviä ongelmatilanteita;Kyllä;Kyllä;En;En;2;3;Kyllä;En;Ei;En osaa sanoa;1;2;2;1;2;Kyllä;Kyllä;;;;;;;;;;;;;;;;;;;;;;;;;;;;;;;;;
20.11.2017 14:18:21;Suomi;Opiskelen vanhojen tutkintovaatimuksien mukaisesti;;;;;;;;;;;;;;;;Kandidaatti;Taloustiede;2015;2;2;3;2;Minulla ei ole ollut opintoihin liittyviä ongelmatilanteita;Kyllä;Kyllä;Kyllä;Kyllä;3;2;Kyllä;Kyllä;Ei;En osaa sanoa;2;2;2;2;2;En;En;;;;;;;;;;;;;;;;;;;;;;;;;;;;;;;;;
20.11.2017 14:21:25;Suomi;Opiskelen vanhojen tutkintovaatimuksien mukaisesti;;;;;;;;;;;;;;;;Kandidaatti;Poliittinen historia;2016;4;4;3;5;Kyllä;Kyllä;Kyllä;En;Kyllä;1;3;Kyllä;Kyllä;En osaa sanoa;En osaa sanoa;3;1;1;4;4;Kyllä;Kyllä;;;;;;;;;;;;;;;;;;;;;;;;;;;;;;;;;
20.11.2017 14:21:26;Suomi;Opiskelen vanhojen tutkintovaatimuksien mukaisesti;;;;;;;;;;;;;;;;Maisteri;Poliittinen historia;2013;2;2;4;2;Kyllä;Kyllä;Kyllä;En;En;1;1;Kyllä;En;En osaa sanoa;Kyllä;2;1;1;2;1;En;Kyllä;;;;;;;;;;;;;;;;;;;;;;;;;;;;;;;;;
20.11.2017 14:27:20;Suomi;Opiskelen vanhojen tutkintovaatimuksien mukaisesti;;;;;;;;;;;;;;;;Kandidaatti;Yleinen valtio-oppi;2014;2;2;2;3;Kyllä;Kyllä;Kyllä;En;En;2;2;Kyllä;Kyllä;Ei;En osaa sanoa;1;3;1;2;3;En;Kyllä;;;;;;;;;;;;;;;;;;;;;;;;;;;;;;;;;
20.11.2017 14:31:08;Suomi;Opiskelen vanhojen tutkintovaatimuksien mukaisesti;;;;;;;;;;;;;;;;Kandidaatti;Yleinen valtio-oppi;2014;1;4;3;1;En;En;Kyllä;En;Kyllä;2;4;Kyllä;Kyllä;En osaa sanoa;En osaa sanoa;3;1;1;2;2;En;Kyllä;;;;;;;;;;;;;;;;;;;;;;;;;;;;;;;;;
20.11.2017 14:35:58;Suomi;Opiskelen vanhojen tutkintovaatimuksien mukaisesti;;;;;;;;;;;;;;;;Kandidaatti;Sosiaali- ja kulttuuriantropologia;2016;1;2;2;2;Kyllä;Kyllä;Kyllä;En;En;3;3;Kyllä;Kyllä;En osaa sanoa;En osaa sanoa;1;1;1;3;3;En;Kyllä;;;;;;;;;;;;;;;;;;;;;;;;;;;;;;;;;
20.11.2017 14:36:05;Suomi;Opiskelen vanhojen tutkintovaatimuksien mukaisesti;;;;;;;;;;;;;;;;Maisteri;Viestintä;2011 tai aiemmin;2;3;2;3;Kyllä;Kyllä;Kyllä;En;En;1;2;Kyllä;En;En osaa sanoa;En osaa sanoa;4;2;3;2;2;En;En;;;;;;;;;;;;;;;;;;;;;;;;;;;;;;;;;
20.11.2017 14:38:19;Suomi;Opiskelen vanhojen tutkintovaatimuksien mukaisesti;;;;;;;;;;;;;;;;Maisteri;Poliittinen historia;2017;3;4;2;3;En;En;En;En;En;2;3;Kyllä;Kyllä;Kyllä;En osaa sanoa;2;2;2;3;2;En;En;;;;;;;;;;;;;;;;;;;;;;;;;;;;;;;;;
20.11.2017 14:47:02;Suomi;Opiskelen vanhojen tutkintovaatimuksien mukaisesti;;;;;;;;;;;;;;;;Kandidaatti;Viestintä;2016;2;1;2;3;Kyllä;Kyllä;Kyllä;En;En;4;3;Kyllä;Kyllä;Kyllä;Kyllä;2;4;1;2;2;En;Kyllä;;;;;;;;;;;;;;;;;;;;;;;;;;;;;;;;;
20.11.2017 14:53:00;Suomi;Opiskelen vanhojen tutkintovaatimuksien mukaisesti;;;;;;;;;;;;;;;;Kandidaatti;Talous- ja sosiaalihistoria;2015;2;4;2;1;En;Kyllä;Kyllä;Kyllä;Kyllä;4;2;Kyllä;Kyllä;Ei;Kyllä;2;1;1;1;1;En;Kyllä;;;;;;;;;;;;;;;;;;;;;;;;;;;;;;;;;
20.11.2017 14:55:20;Suomi;Opiskelen vanhojen tutkintovaatimuksien mukaisesti;;;;;;;;;;;;;;;;Kandidaatti;Yhteiskuntapolitiikka;2015;2;3;2;3;Kyllä;En;En;Kyllä;En;3;2;Kyllä;Kyllä;En osaa sanoa;En osaa sanoa;3;4;1;1;1;Kyllä;Kyllä;;;;;;;;;;;;;;;;;;;;;;;;;;;;;;;;;
20.11.2017 14:56:08;Suomi;Opiskelen vanhojen tutkintovaatimuksien mukaisesti;;;;;;;;;;;;;;;;Maisteri;Yleinen valtio-oppi;2011 tai aiemmin;2;3;1;1;Kyllä;Kyllä;Kyllä;En;Kyllä;3;3;Kyllä;Kyllä;Kyllä;Kyllä;1;2;5;1;2;En;En;;;;;;;;;;;;;;;;;;;;;;;;;;;;;;;;;
20.11.2017 14:56:51;Suomi;Opiskelen vanhojen tutkintovaatimuksien mukaisesti;;;;;;;;;;;;;;;;Kandidaatti;Taloustiede;2015;3;3;4;2;Kyllä;Kyllä;Kyllä;En;En;5;2;Kyllä;En;Ei;Ei;3;1;2;3;4;En;En;;;;;;;;;;;;;;;;;;;;;;;;;;;;;;;;;
20.11.2017 14:57:27;Suomi;Opiskelen vanhojen tutkintovaatimuksien mukaisesti;;;;;;;;;;;;;;;;Maisteri;Sosiaali- ja kulttuuriantropologia;2013;1;1;3;3;Kyllä;Kyllä;Kyllä;En;En;5;1;En;En;Kyllä;Kyllä;1;1;1;1;3;Kyllä;Kyllä;;;;;;;;;;;;;;;;;;;;;;;;;;;;;;;;;
20.11.2017 14:57:56;Suomi;Opiskelen vanhojen tutkintovaatimuksien mukaisesti;;;;;;;;;;;;;;;;Kandidaatti;Yleinen valtio-oppi;2016;3;4;4;3;Kyllä;Kyllä;Kyllä;En;En;3;2;Kyllä;Kyllä;Kyllä;En osaa sanoa;2;2;2;4;4;Kyllä;Kyllä;;;;;;;;;;;;;;;;;;;;;;;;;;;;;;;;;
20.11.2017 15:21:34;Suomi;Opiskelen vanhojen tutkintovaatimuksien mukaisesti;;;;;;;;;;;;;;;;Maisteri;Viestintä;2011 tai aiemmin;1;3;1;1;En;Kyllä;En;En;En;2;1;Kyllä;Kyllä;En osaa sanoa;En osaa sanoa;1;2;1;1;2;En;En;;;;;;;;;;;;;;;;;;;;;;;;;;;;;;;;;
20.11.2017 15:23:17;Suomi;Opiskelen vanhojen tutkintovaatimuksien mukaisesti;;;;;;;;;;;;;;;;Kandidaatti;Sosiaali- ja kulttuuriantropologia;2016;2;2;5;3;Kyllä;Kyllä;Kyllä;Kyllä;En;4;1;Kyllä;En;Kyllä;En osaa sanoa;2;2;3;1;4;En;Kyllä;;;;;;;;;;;;;;;;;;;;;;;;;;;;;;;;;
20.11.2017 15:25:13;Suomi;Opiskelen vanhojen tutkintovaatimuksien mukaisesti;;;;;;;;;;;;;;;;Kandidaatti;Yleinen valtio-oppi;2016;3;2;3;3;Kyllä;Kyllä;En;Kyllä;Kyllä;5;1;Kyllä;En;Kyllä;Kyllä;1;1;1;1;1;En;Kyllä;;;;;;;;;;;;;;;;;;;;;;;;;;;;;;;;;
20.11.2017 15:26:19;Suomi;Opiskelen vanhojen tutkintovaatimuksien mukaisesti;;;;;;;;;;;;;;;;Kandidaatti;Yhteiskuntapolitiikka;2016;3;3;4;3;Kyllä;Kyllä;En;Kyllä;En;4;1;Kyllä;En;Kyllä;Kyllä;2;1;1;2;2;Kyllä;Kyllä;;;;;;;;;;;;;;;;;;;;;;;;;;;;;;;;;
20.11.2017 15:26:31;Suomi;Opiskelen vanhojen tutkintovaatimuksien mukaisesti;;;;;;;;;;;;;;;;Maisteri;Yleinen valtio-oppi;2013;3;2;1;2;Kyllä;Kyllä;Kyllä;En;En;3;4;Kyllä;Kyllä;En osaa sanoa;En osaa sanoa;4;1;2;1;1;En;En;;;;;;;;;;;;;;;;;;;;;;;;;;;;;;;;;
20.11.2017 15:29:45;Suomi;Opiskelen vanhojen tutkintovaatimuksien mukaisesti;;;;;;;;;;;;;;;;Kandidaatti;Yleinen valtio-oppi;2015;2;2;2;2;En;Kyllä;Kyllä;En;En;4;2;Kyllä;Kyllä;En osaa sanoa;En osaa sanoa;3;4;1;2;1;En;Kyllä;;;;;;;;;;;;;;;;;;;;;;;;;;;;;;;;;
20.11.2017 15:40:53;Suomi;Opiskelen vanhojen tutkintovaatimuksien mukaisesti;;;;;;;;;;;;;;;;Kandidaatti;Viestintä;2016;2;4;2;2;En;Kyllä;Kyllä;Kyllä;En;3;4;Kyllä;Kyllä;Ei;Kyllä;4;4;3;2;3;En;Kyllä;;;;;;;;;;;;;;;;;;;;;;;;;;;;;;;;;
20.11.2017 15:43:08;Suomi;Opiskelen vanhojen tutkintovaatimuksien mukaisesti;;;;;;;;;;;;;;;;Kandidaatti;Sosiologia;2016;1;2;2;2;En;Kyllä;En;En;En;3;2;Kyllä;Kyllä;Kyllä;En osaa sanoa;1;4;2;1;1;En;En;;;;;;;;;;;;;;;;;;;;;;;;;;;;;;;;;
20.11.2017 15:44:14;Suomi;Opiskelen vanhojen tutkintovaatimuksien mukaisesti;;;;;;;;;;;;;;;;Maisteri;Kehitysmaatutkimus;2012;1;3;1;2;En;Kyllä;Kyllä;En;En;3;2;Kyllä;Kyllä;En osaa sanoa;En osaa sanoa;4;4;3;2;2;En;Kyllä;;;;;;;;;;;;;;;;;;;;;;;;;;;;;;;;;
20.11.2017 15:45:25;Suomi;Opiskelen vanhojen tutkintovaatimuksien mukaisesti;;;;;;;;;;;;;;;;Kandidaatti;Yleinen valtio-oppi;2014;4;3;4;3;Kyllä;Kyllä;Kyllä;En;En;3;3;Kyllä;En;En osaa sanoa;Kyllä;5;1;1;2;1;Kyllä;Kyllä;;;;;;;;;;;;;;;;;;;;;;;;;;;;;;;;;
20.11.2017 15:50:01;Suomi;Opiskelen vanhojen tutkintovaatimuksien mukaisesti;;;;;;;;;;;;;;;;Kandidaatti;Yleinen valtio-oppi;2015;2;2;3;3;Kyllä;Kyllä;Kyllä;Kyllä;Kyllä;2;3;Kyllä;En;Kyllä;En osaa sanoa;4;1;1;4;3;En;Kyllä;;;;;;;;;;;;;;;;;;;;;;;;;;;;;;;;;
20.11.2017 16:01:20;Suomi;Opiskelen vanhojen tutkintovaatimuksien mukaisesti;;;;;;;;;;;;;;;;Maisteri;Sosiaalipsykologia;2015;2;2;2;2;Kyllä;Kyllä;Kyllä;En;En;4;2;Kyllä;Kyllä;Kyllä;Kyllä;2;3;1;3;4;Kyllä;Kyllä;;;;;;;;;;;;;;;;;;;;;;;;;;;;;;;;;
20.11.2017 16:05:09;Suomi;Opiskelen vanhojen tutkintovaatimuksien mukaisesti;;;;;;;;;;;;;;;;Kandidaatti;Kehitysmaatutkimus;2016;4;5;1;2;Kyllä;En;Kyllä;En;En;2;3;Kyllä;Kyllä;Kyllä;En osaa sanoa;3;1;1;3;2;En;Kyllä;;;;;;;;;;;;;;;;;;;;;;;;;;;;;;;;;
20.11.2017 16:08:46;Suomi;Opiskelen vanhojen tutkintovaatimuksien mukaisesti;;;;;;;;;;;;;;;;Maisteri;Viestintä;2013;3;4;2;3;Kyllä;Kyllä;En;Kyllä;Kyllä;2;2;Kyllä;Kyllä;Kyllä;Ei;2;1;1;4;4;En;Kyllä;;;;;;;;;;;;;;;;;;;;;;;;;;;;;;;;;
20.11.2017 16:09:36;Suomi;Opiskelen vanhojen tutkintovaatimuksien mukaisesti;;;;;;;;;;;;;;;;Maisteri;Viestintä;2014;1;2;2;2;Kyllä;Kyllä;Kyllä;En;En;3;2;Kyllä;Kyllä;Kyllä;Kyllä;3;5;1;2;2;Kyllä;Kyllä;;;;;;;;;;;;;;;;;;;;;;;;;;;;;;;;;
20.11.2017 16:09:41;Suomi;Opiskelen vanhojen tutkintovaatimuksien mukaisesti;;;;;;;;;;;;;;;;Maisteri;Poliittinen historia;2013;1;1;2;2;Kyllä;Kyllä;Kyllä;En;En;4;1;En;En;Kyllä;En osaa sanoa;1;3;2;2;1;En;Kyllä;;;;;;;;;;;;;;;;;;;;;;;;;;;;;;;;;
20.11.2017 16:22:48;Suomi;Opiskelen vanhojen tutkintovaatimuksien mukaisesti;;;;;;;;;;;;;;;;Kandidaatti;Kehitysmaatutkimus;2014;2;3;2;2;Kyllä;En;En;En;En;3;3;En;En;En osaa sanoa;En osaa sanoa;3;3;2;2;3;En;En;;;;;;;;;;;;;;;;;;;;;;;;;;;;;;;;;
20.11.2017 16:25:14;Suomi;Opiskelen vanhojen tutkintovaatimuksien mukaisesti;;;;;;;;;;;;;;;;Kandidaatti;Sosiaalipsykologia;2013;1;1;3;1;En;Kyllä;En;En;En;5;1;En;Kyllä;Kyllä;Kyllä;1;1;1;1;1;En;En;;;;;;;;;;;;;;;;;;;;;;;;;;;;;;;;;
20.11.2017 16:30:00;Suomi;Opiskelen vanhojen tutkintovaatimuksien mukaisesti;;;;;;;;;;;;;;;;Kandidaatti;Yhteiskuntapolitiikka;2014;2;3;1;2;En;Kyllä;Kyllä;En;En;3;2;Kyllä;En;Kyllä;En osaa sanoa;3;4;1;2;3;En;Kyllä;;;;;;;;;;;;;;;;;;;;;;;;;;;;;;;;;
20.11.2017 16:30:13;Suomi;Opiskelen vanhojen tutkintovaatimuksien mukaisesti;;;;;;;;;;;;;;;;Kandidaatti;Sosiologia;2016;2;2;1;1;En;Kyllä;Kyllä;Kyllä;Kyllä;2;3;Kyllä;En;Ei;Ei;2;2;2;2;2;En;En;;;;;;;;;;;;;;;;;;;;;;;;;;;;;;;;;
20.11.2017 16:32:47;Suomi;Opiskelen vanhojen tutkintovaatimuksien mukaisesti;;;;;;;;;;;;;;;;Kandidaatti;Yhteiskuntapolitiikka;2016;2;2;3;2;Kyllä;Kyllä;Kyllä;Kyllä;Kyllä;3;2;Kyllä;En;Kyllä;Kyllä;1;1;1;2;3;En;Kyllä;;;;;;;;;;;;;;;;;;;;;;;;;;;;;;;;;
20.11.2017 16:42:28;Suomi;Opiskelen vanhojen tutkintovaatimuksien mukaisesti;;;;;;;;;;;;;;;;Maisteri;Taloustiede;2013;4;3;2;3;Kyllä;Kyllä;Kyllä;En;En;4;4;Kyllä;Kyllä;En osaa sanoa;En osaa sanoa;4;3;3;4;3;Kyllä;Kyllä;;;;;;;;;;;;;;;;;;;;;;;;;;;;;;;;;
20.11.2017 16:43:27;Suomi;Opiskelen vanhojen tutkintovaatimuksien mukaisesti;;;;;;;;;;;;;;;;Maisteri;Sosiaali- ja kulttuuriantropologia;2011 tai aiemmin;3;3;1;2;Kyllä;En;Kyllä;En;En;3;3;Kyllä;Kyllä;En osaa sanoa;Kyllä;1;1;1;1;1;En;Kyllä;;;;;;;;;;;;;;;;;;;;;;;;;;;;;;;;;
20.11.2017 16:44:21;Suomi;Opiskelen vanhojen tutkintovaatimuksien mukaisesti;;;;;;;;;;;;;;;;Kandidaatti;Kehitysmaatutkimus;2015;2;2;1;2;En;Kyllä;Kyllä;Kyllä;Kyllä;3;4;En;Kyllä;Kyllä;Kyllä;3;3;3;1;1;En;Kyllä;;;;;;;;;;;;;;;;;;;;;;;;;;;;;;;;;
20.11.2017 17:21:33;Suomi;Opiskelen vanhojen tutkintovaatimuksien mukaisesti;;;;;;;;;;;;;;;;Kandidaatti;Sosiaalityö;2016;3;5;4;4;Minulla ei ole ollut opintoihin liittyviä ongelmatilanteita;Kyllä;Kyllä;Kyllä;Kyllä;1;3;Kyllä;Kyllä;Kyllä;En osaa sanoa;4;1;1;5;3;En;Kyllä;;;;;;;;;;;;;;;;;;;;;;;;;;;;;;;;;
20.11.2017 17:22:35;Suomi;Opiskelen vanhojen tutkintovaatimuksien mukaisesti;;;;;;;;;;;;;;;;Kandidaatti;Sosiaalipsykologia;2016;2;3;2;2;Minulla ei ole ollut opintoihin liittyviä ongelmatilanteita;Kyllä;En;En;En;4;2;Kyllä;Kyllä;Kyllä;Kyllä;1;2;1;2;2;Kyllä;Kyllä;;;;;;;;;;;;;;;;;;;;;;;;;;;;;;;;;
20.11.2017 17:36:12;Suomi;Opiskelen vanhojen tutkintovaatimuksien mukaisesti;;;;;;;;;;;;;;;;Kandidaatti;Poliittinen historia;2016;2;2;4;3;Kyllä;Kyllä;Kyllä;Kyllä;En;4;2;Kyllä;En;Kyllä;En osaa sanoa;3;2;3;2;2;En;Kyllä;;;;;;;;;;;;;;;;;;;;;;;;;;;;;;;;;
20.11.2017 17:44:59;Suomi;Opiskelen vanhojen tutkintovaatimuksien mukaisesti;;;;;;;;;;;;;;;;Kandidaatti;Yhteiskuntapolitiikka;2015;5;5;2;3;Minulla ei ole ollut opintoihin liittyviä ongelmatilanteita;Kyllä;Kyllä;Kyllä;Kyllä;1;4;Kyllä;Kyllä;Ei;En osaa sanoa;4;5;1;3;1;En;En;;;;;;;;;;;;;;;;;;;;;;;;;;;;;;;;;
20.11.2017 17:56:45;Suomi;Opiskelen vanhojen tutkintovaatimuksien mukaisesti;;;;;;;;;;;;;;;;Maisteri;Sosiologia;2012;3;3;4;2;Kyllä;Kyllä;Kyllä;Kyllä;Kyllä;3;3;En;En;Kyllä;Kyllä;4;4;2;4;4;En;En;;;;;;;;;;;;;;;;;;;;;;;;;;;;;;;;;
20.11.2017 18:03:04;Suomi;Opiskelen vanhojen tutkintovaatimuksien mukaisesti;;;;;;;;;;;;;;;;Kandidaatti;Yhteiskuntapolitiikka;2015;2;3;2;2;En;Kyllä;Kyllä;Kyllä;En;3;2;Kyllä;En;Ei;En osaa sanoa;2;1;1;2;2;En;Kyllä;;;;;;;;;;;;;;;;;;;;;;;;;;;;;;;;;
20.11.2017 18:04:17;Suomi;Opiskelen vanhojen tutkintovaatimuksien mukaisesti;;;;;;;;;;;;;;;;Maisteri;Talous- ja sosiaalihistoria;2013;3;3;2;3;Kyllä;Kyllä;Kyllä;En;En;3;2;Kyllä;Kyllä;Kyllä;Kyllä;3;2;2;2;2;En;En;;;;;;;;;;;;;;;;;;;;;;;;;;;;;;;;;
20.11.2017 18:10:16;Suomi;Opiskelen vanhojen tutkintovaatimuksien mukaisesti;;;;;;;;;;;;;;;;Maisteri;Sosiaalipsykologia;2013;1;2;1;1;En;Kyllä;Kyllä;En;En;2;2;Kyllä;Kyllä;Kyllä;Kyllä;1;1;1;1;1;Kyllä;Kyllä;;;;;;;;;;;;;;;;;;;;;;;;;;;;;;;;;
20.11.2017 18:17:01;Suomi;Opiskelen vanhojen tutkintovaatimuksien mukaisesti;;;;;;;;;;;;;;;;Kandidaatti;Sosiaalityö;2016;3;3;5;5;Kyllä;Kyllä;Kyllä;Kyllä;Kyllä;3;2;Kyllä;En;Kyllä;Kyllä;1;3;1;4;4;Kyllä;Kyllä;;;;;;;;;;;;;;;;;;;;;;;;;;;;;;;;;
20.11.2017 18:17:36;Suomi;Opiskelen vanhojen tutkintovaatimuksien mukaisesti;;;;;;;;;;;;;;;;Kandidaatti;Sosiologia;2016;2;2;3;2;Kyllä;Kyllä;Kyllä;Kyllä;Kyllä;3;2;Kyllä;Kyllä;Ei;En osaa sanoa;2;4;1;2;3;En;En;;;;;;;;;;;;;;;;;;;;;;;;;;;;;;;;;
20.11.2017 18:29:36;Suomi;Opiskelen vanhojen tutkintovaatimuksien mukaisesti;;;;;;;;;;;;;;;;Kandidaatti;Sosiaalityö;2016;2;3;2;2;En;Kyllä;En;Kyllä;En;5;2;En;En;En osaa sanoa;Kyllä;2;2;1;2;2;En;En;;;;;;;;;;;;;;;;;;;;;;;;;;;;;;;;;
20.11.2017 19:03:45;Suomi;Opiskelen vanhojen tutkintovaatimuksien mukaisesti;;;;;;;;;;;;;;;;Kandidaatti;Yhteiskuntapolitiikka;2016;3;3;3;2;Kyllä;Kyllä;Kyllä;Kyllä;Kyllä;3;3;Kyllä;Kyllä;Kyllä;Kyllä;3;1;1;2;3;En;Kyllä;;;;;;;;;;;;;;;;;;;;;;;;;;;;;;;;;
20.11.2017 19:10:46;Suomi;Opiskelen vanhojen tutkintovaatimuksien mukaisesti;;;;;;;;;;;;;;;;Kandidaatti;Yhteiskuntapolitiikka;2016;4;4;4;4;Kyllä;En;Kyllä;Kyllä;Kyllä;1;3;Kyllä;Kyllä;Kyllä;Kyllä;3;3;3;4;2;En;Kyllä;;;;;;;;;;;;;;;;;;;;;;;;;;;;;;;;;
20.11.2017 19:11:51;Suomi;Opiskelen vanhojen tutkintovaatimuksien mukaisesti;;;;;;;;;;;;;;;;Kandidaatti;Yleinen valtio-oppi;2016;2;4;2;3;En;Kyllä;En;Kyllä;En;4;1;Kyllä;Kyllä;Kyllä;Kyllä;1;4;1;2;3;En;Kyllä;;;;;;;;;;;;;;;;;;;;;;;;;;;;;;;;;
20.11.2017 19:16:54;Suomi;Opiskelen vanhojen tutkintovaatimuksien mukaisesti;;;;;;;;;;;;;;;;Kandidaatti;Sosiaalipsykologia;2014;1;2;1;1;En;Kyllä;En;En;En;3;3;En;En;En osaa sanoa;En osaa sanoa;1;1;1;2;3;En;En;;;;;;;;;;;;;;;;;;;;;;;;;;;;;;;;;
20.11.2017 20:11:48;Suomi;Opiskelen vanhojen tutkintovaatimuksien mukaisesti;;;;;;;;;;;;;;;;Maisteri;Sosiologia;2016;2;1;3;2;En;Kyllä;Kyllä;En;En;4;2;Kyllä;Kyllä;En osaa sanoa;Kyllä;2;1;1;3;2;En;En;;;;;;;;;;;;;;;;;;;;;;;;;;;;;;;;;
20.11.2017 20:16:40;Suomi;Opiskelen vanhojen tutkintovaatimuksien mukaisesti;;;;;;;;;;;;;;;;Kandidaatti;Yleinen valtio-oppi;2015;3;4;2;3;Kyllä;Kyllä;Kyllä;Kyllä;Kyllä;4;2;Kyllä;Kyllä;En osaa sanoa;Kyllä;2;2;1;3;3;En;Kyllä;;;;;;;;;;;;;;;;;;;;;;;;;;;;;;;;;
20.11.2017 20:21:30;Suomi;Opiskelen vanhojen tutkintovaatimuksien mukaisesti;;;;;;;;;;;;;;;;Maisteri;Talous- ja sosiaalihistoria;2011 tai aiemmin;1;1;2;2;En;Kyllä;Kyllä;En;En;5;1;Kyllä;Kyllä;En osaa sanoa;En osaa sanoa;1;4;1;2;2;En;En;;;;;;;;;;;;;;;;;;;;;;;;;;;;;;;;;
20.11.2017 21:23:30;Suomi;Opiskelen vanhojen tutkintovaatimuksien mukaisesti;;;;;;;;;;;;;;;;Maisteri;Sosiologia;2013;3;3;2;2;Kyllä;Kyllä;Kyllä;Kyllä;Kyllä;4;1;Kyllä;Kyllä;Kyllä;Kyllä;2;1;1;1;1;Kyllä;Kyllä;;;;;;;;;;;;;;;;;;;;;;;;;;;;;;;;;
20.11.2017 21:30:15;Suomi;Opiskelen vanhojen tutkintovaatimuksien mukaisesti;;;;;;;;;;;;;;;;Maisteri;Kehitysmaatutkimus;2011 tai aiemmin;1;1;1;2;Minulla ei ole ollut opintoihin liittyviä ongelmatilanteita;Kyllä;Kyllä;En;En;5;2;Kyllä;En;En osaa sanoa;Kyllä;1;1;1;3;3;Kyllä;En;;;;;;;;;;;;;;;;;;;;;;;;;;;;;;;;;
20.11.2017 21:40:10;Suomi;Opiskelen vanhojen tutkintovaatimuksien mukaisesti;;;;;;;;;;;;;;;;Maisteri;Sosiaalipsykologia;2012;4;4;2;3;Kyllä;Kyllä;Kyllä;En;En;1;4;Kyllä;Kyllä;Ei;Kyllä;2;1;1;3;4;Kyllä;Kyllä;;;;;;;;;;;;;;;;;;;;;;;;;;;;;;;;;
20.11.2017 21:42:57;Suomi;Opiskelen vanhojen tutkintovaatimuksien mukaisesti;;;;;;;;;;;;;;;;Maisteri;Yhteiskuntapolitiikka;2015;2;3;2;2;Minulla ei ole ollut opintoihin liittyviä ongelmatilanteita;Kyllä;En;Kyllä;En;3;2;En;En;Kyllä;Kyllä;2;1;4;1;2;En;En;;;;;;;;;;;;;;;;;;;;;;;;;;;;;;;;;
20.11.2017 21:54:18;Suomi;Opiskelen vanhojen tutkintovaatimuksien mukaisesti;;;;;;;;;;;;;;;;Kandidaatti;Sosiaalityö;2016;3;4;2;2;Minulla ei ole ollut opintoihin liittyviä ongelmatilanteita;Kyllä;Kyllä;En;En;4;2;Kyllä;En;Kyllä;Kyllä;1;1;1;2;4;En;Kyllä;;;;;;;;;;;;;;;;;;;;;;;;;;;;;;;;;
20.11.2017 21:55:13;Suomi;Opiskelen vanhojen tutkintovaatimuksien mukaisesti;;;;;;;;;;;;;;;;Kandidaatti;Sosiologia;2015;2;3;2;2;En;Kyllä;Kyllä;En;En;2;2;En;En;Kyllä;Kyllä;3;2;2;3;2;En;En;;;;;;;;;;;;;;;;;;;;;;;;;;;;;;;;;
20.11.2017 22:23:14;Suomi;Opiskelen vanhojen tutkintovaatimuksien mukaisesti;;;;;;;;;;;;;;;;Kandidaatti;Sosiologia;2015;2;2;4;3;Kyllä;Kyllä;Kyllä;Kyllä;En;2;4;Kyllä;Kyllä;Kyllä;Kyllä;4;4;3;3;4;Kyllä;Kyllä;;;;;;;;;;;;;;;;;;;;;;;;;;;;;;;;;
20.11.2017 22:44:34;Suomi;Opiskelen vanhojen tutkintovaatimuksien mukaisesti;;;;;;;;;;;;;;;;Maisteri;Yleinen valtio-oppi;2013;2;2;1;2;En;Kyllä;Kyllä;Kyllä;Kyllä;4;1;En;En;Kyllä;Kyllä;1;1;1;1;1;En;En;;;;;;;;;;;;;;;;;;;;;;;;;;;;;;;;;
20.11.2017 22:56:00;Suomi;Opiskelen vanhojen tutkintovaatimuksien mukaisesti;;;;;;;;;;;;;;;;Kandidaatti;Yhteiskuntapolitiikka;2014;1;1;1;1;En;En;Kyllä;En;En;5;1;En;En;Kyllä;Kyllä;1;3;1;1;1;En;En;;;;;;;;;;;;;;;;;;;;;;;;;;;;;;;;;
20.11.2017 23:03:59;Suomi;Opiskelen vanhojen tutkintovaatimuksien mukaisesti;;;;;;;;;;;;;;;;Kandidaatti;Yhteiskuntapolitiikka;2015;2;1;2;1;En;Kyllä;Kyllä;Kyllä;Kyllä;4;1;Kyllä;En;Kyllä;Kyllä;1;3;1;3;3;En;Kyllä;;;;;;;;;;;;;;;;;;;;;;;;;;;;;;;;;
20.11.2017 23:19:05;Suomi;Opiskelen vanhojen tutkintovaatimuksien mukaisesti;;;;;;;;;;;;;;;;Kandidaatti;Sosiaalityö;2016;2;3;3;4;Minulla ei ole ollut opintoihin liittyviä ongelmatilanteita;Kyllä;Kyllä;Kyllä;Kyllä;2;4;Kyllä;Kyllä;Kyllä;En osaa sanoa;3;3;1;3;2;En;Kyllä;;;;;;;;;;;;;;;;;;;;;;;;;;;;;;;;;
20.11.2017 23:47:54;Suomi;Opiskelen vanhojen tutkintovaatimuksien mukaisesti;;;;;;;;;;;;;;;;Kandidaatti;Viestintä;2016;3;3;4;3;Kyllä;Kyllä;Kyllä;En;En;3;2;Kyllä;En;Ei;Kyllä;2;1;1;2;4;Kyllä;Kyllä;;;;;;;;;;;;;;;;;;;;;;;;;;;;;;;;;
21.11.2017 0:02:01;Suomi;Opiskelen vanhojen tutkintovaatimuksien mukaisesti;;;;;;;;;;;;;;;;Kandidaatti;Poliittinen historia;2015;1;3;3;4;Kyllä;En;Kyllä;Kyllä;Kyllä;3;2;En;En;Kyllä;Kyllä;4;2;3;3;3;En;Kyllä;;;;;;;;;;;;;;;;;;;;;;;;;;;;;;;;;
21.11.2017 0:21:01;Suomi;Opiskelen vanhojen tutkintovaatimuksien mukaisesti;;;;;;;;;;;;;;;;Kandidaatti;Yleinen valtio-oppi;2016;2;3;3;2;Kyllä;Kyllä;En;Kyllä;En;2;2;Kyllä;En;Kyllä;Ei;2;2;1;4;3;En;Kyllä;;;;;;;;;;;;;;;;;;;;;;;;;;;;;;;;;
21.11.2017 1:21:50;Suomi;Opiskelen vanhojen tutkintovaatimuksien mukaisesti;;;;;;;;;;;;;;;;Maisteri;Sosiaalipsykologia;2013;1;1;2;2;En;Kyllä;Kyllä;En;En;4;1;En;En;Kyllä;En osaa sanoa;1;1;1;1;2;En;Kyllä;;;;;;;;;;;;;;;;;;;;;;;;;;;;;;;;;
21.11.2017 4:11:30;Suomi;Opiskelen vanhojen tutkintovaatimuksien mukaisesti;;;;;;;;;;;;;;;;Kandidaatti;Poliittinen historia;2015;3;3;1;1;En;Kyllä;En;En;En;5;2;Kyllä;Kyllä;Kyllä;En osaa sanoa;4;1;1;2;1;En;Kyllä;;;;;;;;;;;;;;;;;;;;;;;;;;;;;;;;;
21.11.2017 10:07:00;Suomi;Opiskelen vanhojen tutkintovaatimuksien mukaisesti;;;;;;;;;;;;;;;;Maisteri;Sosiaali- ja kulttuuriantropologia;2012;3;3;1;1;En;Kyllä;Kyllä;En;En;3;2;Kyllä;En;En osaa sanoa;Kyllä;1;1;1;2;1;En;Kyllä;;;;;;;;;;;;;;;;;;;;;;;;;;;;;;;;;
21.11.2017 10:28:08;Suomi;Opiskelen vanhojen tutkintovaatimuksien mukaisesti;;;;;;;;;;;;;;;;Kandidaatti;Yleinen valtio-oppi;2016;3;3;2;2;En;Kyllä;En;Kyllä;Kyllä;4;2;Kyllä;Kyllä;Ei;Kyllä;3;3;1;3;2;Kyllä;Kyllä;;;;;;;;;;;;;;;;;;;;;;;;;;;;;;;;;
21.11.2017 10:47:53;Suomi;Opiskelen vanhojen tutkintovaatimuksien mukaisesti;;;;;;;;;;;;;;;;Kandidaatti;Yleinen valtio-oppi;2015;3;4;2;4;Kyllä;Kyllä;Kyllä;Kyllä;En;4;3;Kyllä;Kyllä;Kyllä;En osaa sanoa;2;4;1;4;3;Kyllä;Kyllä;;;;;;;;;;;;;;;;;;;;;;;;;;;;;;;;;
21.11.2017 10:58:04;Suomi;Opiskelen vanhojen tutkintovaatimuksien mukaisesti;;;;;;;;;;;;;;;;Kandidaatti;Yhteiskuntapolitiikka;2015;2;2;4;2;En;Kyllä;Kyllä;Kyllä;En;4;2;Kyllä;En;Kyllä;En osaa sanoa;2;1;1;2;3;En;Kyllä;;;;;;;;;;;;;;;;;;;;;;;;;;;;;;;;;
21.11.2017 13:56:50;Suomi;Opiskelen vanhojen tutkintovaatimuksien mukaisesti;;;;;;;;;;;;;;;;Kandidaatti;Poliittinen historia;2016;2;3;2;3;Minulla ei ole ollut opintoihin liittyviä ongelmatilanteita;Kyllä;Kyllä;Kyllä;Kyllä;4;2;Kyllä;Kyllä;Kyllä;En osaa sanoa;2;1;1;3;2;En;Kyllä;;;;;;;;;;;;;;;;;;;;;;;;;;;;;;;;;
21.11.2017 14:32:15;Suomi;Opiskelen vanhojen tutkintovaatimuksien mukaisesti;;;;;;;;;;;;;;;;Kandidaatti;Yhteiskuntapolitiikka;2015;2;2;2;3;En;Kyllä;Kyllä;Kyllä;Kyllä;3;2;Kyllä;En;Kyllä;Kyllä;2;2;1;1;2;En;Kyllä;;;;;;;;;;;;;;;;;;;;;;;;;;;;;;;;;
21.11.2017 15:03:33;Suomi;Opiskelen vanhojen tutkintovaatimuksien mukaisesti;;;;;;;;;;;;;;;;Kandidaatti;Sosiologia;2013;3;2;4;4;Kyllä;Kyllä;Kyllä;En;En;5;1;Kyllä;Kyllä;Kyllä;En osaa sanoa;1;1;2;3;3;En;En;;;;;;;;;;;;;;;;;;;;;;;;;;;;;;;;;
21.11.2017 15:20:07;Suomi;Opiskelen vanhojen tutkintovaatimuksien mukaisesti;;;;;;;;;;;;;;;;Maisteri;Yleinen valtio-oppi;2013;3;2;1;5;Kyllä;Kyllä;Kyllä;En;En;3;4;En;En;En osaa sanoa;Ei;5;1;4;5;4;En;En;;;;;;;;;;;;;;;;;;;;;;;;;;;;;;;;;
21.11.2017 15:48:12;Suomi;Opiskelen vanhojen tutkintovaatimuksien mukaisesti;;;;;;;;;;;;;;;;Maisteri;Muu;2015;1;1;1;1;En;Kyllä;Kyllä;Kyllä;Kyllä;2;3;Kyllä;Kyllä;En osaa sanoa;En osaa sanoa;2;3;3;1;1;Kyllä;Kyllä;;;;;;;;;;;;;;;;;;;;;;;;;;;;;;;;;
21.11.2017 16:51:35;Suomi;Opiskelen vanhojen tutkintovaatimuksien mukaisesti;;;;;;;;;;;;;;;;Kandidaatti;Taloustiede;2016;4;5;3;4;Minulla ei ole ollut opintoihin liittyviä ongelmatilanteita;Kyllä;Kyllä;Kyllä;Kyllä;2;4;Kyllä;Kyllä;Ei;Ei;4;1;3;5;5;Kyllä;Kyllä;;;;;;;;;;;;;;;;;;;;;;;;;;;;;;;;;
21.11.2017 17:03:40;Suomi;Opiskelen vanhojen tutkintovaatimuksien mukaisesti;;;;;;;;;;;;;;;;Kandidaatti;Sosiaali- ja kulttuuriantropologia;2016;1;2;4;3;Minulla ei ole ollut opintoihin liittyviä ongelmatilanteita;Kyllä;En;Kyllä;En;1;3;Kyllä;Kyllä;Kyllä;En osaa sanoa;2;4;1;4;5;Kyllä;Kyllä;;;;;;;;;;;;;;;;;;;;;;;;;;;;;;;;;
21.11.2017 17:21:56;Suomi;Opiskelen vanhojen tutkintovaatimuksien mukaisesti;;;;;;;;;;;;;;;;Kandidaatti;Sosiaali- ja kulttuuriantropologia;2016;1;3;3;3;Minulla ei ole ollut opintoihin liittyviä ongelmatilanteita;Kyllä;En;Kyllä;En;4;2;Kyllä;Kyllä;En osaa sanoa;Kyllä;1;1;1;3;2;En;Kyllä;;;;;;;;;;;;;;;;;;;;;;;;;;;;;;;;;
21.11.2017 17:22:16;Suomi;Opiskelen vanhojen tutkintovaatimuksien mukaisesti;;;;;;;;;;;;;;;;Maisteri;Sosiaali- ja kulttuuriantropologia;2014;1;1;4;3;En;Kyllä;En;En;En;5;1;En;Kyllä;Ei;Kyllä;1;1;1;2;1;En;Kyllä;;;;;;;;;;;;;;;;;;;;;;;;;;;;;;;;;
21.11.2017 17:24:32;Suomi;Opiskelen vanhojen tutkintovaatimuksien mukaisesti;;;;;;;;;;;;;;;;Maisteri;Sosiaali- ja kulttuuriantropologia;2011 tai aiemmin;1;3;1;3;En;Kyllä;En;Kyllä;En;3;3;En;En;En osaa sanoa;En osaa sanoa;1;1;1;2;1;En;En;;;;;;;;;;;;;;;;;;;;;;;;;;;;;;;;;
21.11.2017 17:44:40;Suomi;Opiskelen vanhojen tutkintovaatimuksien mukaisesti;;;;;;;;;;;;;;;;Kandidaatti;Sosiaali- ja kulttuuriantropologia;2014;2;2;1;2;En;Kyllä;Kyllä;Kyllä;Kyllä;2;3;Kyllä;En;En osaa sanoa;Kyllä;2;2;1;3;2;En;Kyllä;;;;;;;;;;;;;;;;;;;;;;;;;;;;;;;;;
21.11.2017 18:21:24;Suomi;Opiskelen vanhojen tutkintovaatimuksien mukaisesti;;;;;;;;;;;;;;;;Maisteri;Sosiaalityö;2011 tai aiemmin;2;3;1;1;En;Kyllä;En;Kyllä;En;3;3;Kyllä;Kyllä;Ei;En osaa sanoa;2;1;1;2;2;En;En;;;;;;;;;;;;;;;;;;;;;;;;;;;;;;;;;
21.11.2017 19:14:25;Suomi;Opiskelen vanhojen tutkintovaatimuksien mukaisesti;;;;;;;;;;;;;;;;Kandidaatti;Sosiaali- ja kulttuuriantropologia;2016;2;3;3;3;Minulla ei ole ollut opintoihin liittyviä ongelmatilanteita;Kyllä;En;En;En;3;2;En;Kyllä;Ei;En osaa sanoa;1;1;1;3;2;En;Kyllä;;;;;;;;;;;;;;;;;;;;;;;;;;;;;;;;;
21.11.2017 19:38:31;Suomi;Opiskelen vanhojen tutkintovaatimuksien mukaisesti;;;;;;;;;;;;;;;;Kandidaatti;Yleinen valtio-oppi;2015;3;3;5;3;Minulla ei ole ollut opintoihin liittyviä ongelmatilanteita;Kyllä;Kyllä;En;Kyllä;2;2;En;Kyllä;Kyllä;Kyllä;3;1;1;4;4;Kyllä;Kyllä;;;;;;;;;;;;;;;;;;;;;;;;;;;;;;;;;
21.11.2017 19:53:27;Suomi;Opiskelen vanhojen tutkintovaatimuksien mukaisesti;;;;;;;;;;;;;;;;Kandidaatti;Poliittinen historia;2015;2;2;2;2;Kyllä;Kyllä;Kyllä;Kyllä;Kyllä;3;3;En;Kyllä;Ei;Kyllä;4;1;1;2;1;Kyllä;Kyllä;;;;;;;;;;;;;;;;;;;;;;;;;;;;;;;;;
21.11.2017 20:03:13;Suomi;Opiskelen vanhojen tutkintovaatimuksien mukaisesti;;;;;;;;;;;;;;;;Maisteri;Sosiaalityö;2015;2;3;2;2;Kyllä;Kyllä;Kyllä;En;En;3;3;Kyllä;Kyllä;En osaa sanoa;En osaa sanoa;3;1;3;3;3;En;En;;;;;;;;;;;;;;;;;;;;;;;;;;;;;;;;;
21.11.2017 21:35:22;Suomi;Opiskelen vanhojen tutkintovaatimuksien mukaisesti;;;;;;;;;;;;;;;;Kandidaatti;Sosiologia;2016;3;4;4;3;Kyllä;Kyllä;Kyllä;Kyllä;Kyllä;4;2;Kyllä;En;Ei;En osaa sanoa;1;3;2;3;3;Kyllä;Kyllä;;;;;;;;;;;;;;;;;;;;;;;;;;;;;;;;;
21.11.2017 21:59:42;Suomi;Opiskelen vanhojen tutkintovaatimuksien mukaisesti;;;;;;;;;;;;;;;;Kandidaatti;Viestintä;2015;1;1;2;2;Kyllä;Kyllä;Kyllä;En;En;4;2;Kyllä;En;En osaa sanoa;Kyllä;1;1;1;3;3;Kyllä;Kyllä;;;;;;;;;;;;;;;;;;;;;;;;;;;;;;;;;
21.11.2017 22:19:56;Suomi;Opiskelen vanhojen tutkintovaatimuksien mukaisesti;;;;;;;;;;;;;;;;Maisteri;Kehitysmaatutkimus;2013;2;2;1;2;Kyllä;Kyllä;En;En;En;3;4;Kyllä;Kyllä;En osaa sanoa;Kyllä;3;3;1;3;2;En;En;;;;;;;;;;;;;;;;;;;;;;;;;;;;;;;;;
21.11.2017 22:33:26;Suomi;Opiskelen vanhojen tutkintovaatimuksien mukaisesti;;;;;;;;;;;;;;;;Maisteri;Yhteiskuntapolitiikka;2016;3;3;4;4;Kyllä;Kyllä;Kyllä;En;En;3;2;Kyllä;En;Kyllä;Kyllä;3;2;3;2;1;En;En;;;;;;;;;;;;;;;;;;;;;;;;;;;;;;;;;
22.11.2017 11:06:37;Suomi;Opiskelen vanhojen tutkintovaatimuksien mukaisesti;;;;;;;;;;;;;;;;Kandidaatti;Sosiaali- ja kulttuuriantropologia;2016;1;1;1;1;En;Kyllä;En;En;En;3;2;En;Kyllä;En osaa sanoa;Kyllä;1;1;1;1;1;En;Kyllä;;;;;;;;;;;;;;;;;;;;;;;;;;;;;;;;;
22.11.2017 12:33:18;Suomi;Opiskelen vanhojen tutkintovaatimuksien mukaisesti;;;;;;;;;;;;;;;;Maisteri;Taloustiede;2012;4;3;2;2;Kyllä;Kyllä;Kyllä;Kyllä;Kyllä;3;4;Kyllä;Kyllä;Ei;Ei;4;3;2;4;4;En;Kyllä;;;;;;;;;;;;;;;;;;;;;;;;;;;;;;;;;
22.11.2017 15:22:21;Suomi;Opiskelen vanhojen tutkintovaatimuksien mukaisesti;;;;;;;;;;;;;;;;Kandidaatti;Sosiaalipsykologia;2016;3;2;1;2;En;Kyllä;En;Kyllä;En;4;3;Kyllä;En;Kyllä;En osaa sanoa;3;2;1;2;2;Kyllä;Kyllä;;;;;;;;;;;;;;;;;;;;;;;;;;;;;;;;;
22.11.2017 18:04:07;Suomi;Opiskelen vanhojen tutkintovaatimuksien mukaisesti;;;;;;;;;;;;;;;;Kandidaatti;Tilastotiede;2012;2;3;4;4;Kyllä;En;En;Kyllä;En;3;2;En;Kyllä;En osaa sanoa;En osaa sanoa;2;1;1;2;4;En;En;;;;;;;;;;;;;;;;;;;;;;;;;;;;;;;;;
23.11.2017 10:53:11;Suomi;Opiskelen vanhojen tutkintovaatimuksien mukaisesti;;;;;;;;;;;;;;;;Maisteri;Sosiaalipsykologia;2015;4;3;4;3;Minulla ei ole ollut opintoihin liittyviä ongelmatilanteita;Kyllä;Kyllä;En;En;1;5;Kyllä;En;Kyllä;Kyllä;4;5;3;4;5;En;En;;;;;;;;;;;;;;;;;;;;;;;;;;;;;;;;;
23.11.2017 11:41:43;Suomi;Opiskelen vanhojen tutkintovaatimuksien mukaisesti;;;;;;;;;;;;;;;;Maisteri;Kehitysmaatutkimus;2016;2;2;1;1;En;Kyllä;En;En;En;2;3;Kyllä;Kyllä;En osaa sanoa;En osaa sanoa;5;2;4;3;3;En;En;;;;;;;;;;;;;;;;;;;;;;;;;;;;;;;;;
23.11.2017 14:01:19;Suomi;Opiskelen vanhojen tutkintovaatimuksien mukaisesti;;;;;;;;;;;;;;;;Maisteri;Sosiaalipsykologia;2014;2;2;1;2;En;Kyllä;Kyllä;En;En;5;1;Kyllä;Kyllä;En osaa sanoa;Kyllä;1;3;1;3;2;En;Kyllä;;;;;;;;;;;;;;;;;;;;;;;;;;;;;;;;;
25.11.2017 3:17:03;Suomi;Opiskelen vanhojen tutkintovaatimuksien mukaisesti;;;;;;;;;;;;;;;;Kandidaatti;Yleinen valtio-oppi;2015;2;2;1;2;En;Kyllä;Kyllä;Kyllä;Kyllä;3;2;En;En;Kyllä;Kyllä;1;2;2;2;2;En;Kyllä;;;;;;;;;;;;;;;;;;;;;;;;;;;;;;;;;
25.11.2017 20:24:55;Suomi;Opiskelen vanhojen tutkintovaatimuksien mukaisesti;;;;;;;;;;;;;;;;Kandidaatti;Sosiaalipsykologia;2016;2;2;1;4;Minulla ei ole ollut opintoihin liittyviä ongelmatilanteita;Kyllä;Kyllä;En;En;3;2;Kyllä;Kyllä;Kyllä;Kyllä;1;1;1;1;1;En;En;;;;;;;;;;;;;;;;;;;;;;;;;;;;;;;;;
27.11.2017 11:01:52;Suomi;Opiskelen vanhojen tutkintovaatimuksien mukaisesti;;;;;;;;;;;;;;;;Kandidaatti;Sosiologia;2014;3;4;4;2;Kyllä;Kyllä;Kyllä;Kyllä;Kyllä;5;3;Kyllä;Kyllä;Ei;Kyllä;2;5;3;4;3;En;En;;;;;;;;;;;;;;;;;;;;;;;;;;;;;;;;;
27.11.2017 13:50:05;Suomi;Opiskelen vanhojen tutkintovaatimuksien mukaisesti;;;;;;;;;;;;;;;;Kandidaatti;Poliittinen historia;2014;3;2;2;3;En;Kyllä;En;En;En;3;2;Kyllä;Kyllä;En osaa sanoa;En osaa sanoa;1;1;1;2;4;En;Kyllä;;;;;;;;;;;;;;;;;;;;;;;;;;;;;;;;;
27.11.2017 14:11:09;Suomi;Opiskelen vanhojen tutkintovaatimuksien mukaisesti;;;;;;;;;;;;;;;;Maisteri;Sosiaalityö;2014;1;3;1;1;En;Kyllä;En;Kyllä;En;5;2;Kyllä;Kyllä;Kyllä;Kyllä;3;1;1;1;1;Kyllä;Kyllä;;;;;;;;;;;;;;;;;;;;;;;;;;;;;;;;;
28.11.2017 11:13:29;Suomi;Opiskelen vanhojen tutkintovaatimuksien mukaisesti;;;;;;;;;;;;;;;;Kandidaatti;Sosiologia;2016;3;3;2;3;Kyllä;Kyllä;Kyllä;Kyllä;Kyllä;4;2;En;Kyllä;Kyllä;Kyllä;2;2;1;2;3;Kyllä;Kyllä;;;;;;;;;;;;;;;;;;;;;;;;;;;;;;;;;
28.11.2017 12:29:03;Suomi;Opiskelen vanhojen tutkintovaatimuksien mukaisesti;;;;;;;;;;;;;;;;Maisteri;Yleinen valtio-oppi;2011 tai aiemmin;1;1;2;1;En;En;En;En;En;2;2;En;En;En osaa sanoa;En osaa sanoa;2;1;1;2;2;En;En;;;;;;;;;;;;;;;;;;;;;;;;;;;;;;;;;
28.11.2017 19:43:00;Suomi;Opiskelen vanhojen tutkintovaatimuksien mukaisesti;;;;;;;;;;;;;;;;Kandidaatti;Sosiologia;2015;1;2;1;2;Kyllä;Kyllä;Kyllä;Kyllä;En;4;2;Kyllä;En;Kyllä;Kyllä;3;1;2;2;3;Kyllä;Kyllä;;;;;;;;;;;;;;;;;;;;;;;;;;;;;;;;;
29.11.2017 12:40:31;Suomi;Opiskelen vanhojen tutkintovaatimuksien mukaisesti;;;;;;;;;;;;;;;;Maisteri;Tilastotiede;2015;4;4;2;4;Kyllä;Kyllä;Kyllä;Kyllä;Kyllä;1;2;Kyllä;Kyllä;En osaa sanoa;En osaa sanoa;5;1;5;5;4;En;En;;;;;;;;;;;;;;;;;;;;;;;;;;;;;;;;;
29.11.2017 13:34:07;Suomi;Opiskelen vanhojen tutkintovaatimuksien mukaisesti;;;;;;;;;;;;;;;;Kandidaatti;Tilastotiede;2016;4;4;2;3;Kyllä;Kyllä;Kyllä;En;En;1;4;Kyllä;Kyllä;Ei;En osaa sanoa;3;4;1;4;4;En;Kyllä;;;;;;;;;;;;;;;;;;;;;;;;;;;;;;;;;
29.11.2017 14:17:51;Suomi;Opiskelen vanhojen tutkintovaatimuksien mukaisesti;;;;;;;;;;;;;;;;Kandidaatti;Sosiaalipsykologia;2016;2;2;1;2;Kyllä;Kyllä;En;En;En;2;3;Kyllä;Kyllä;En osaa sanoa;En osaa sanoa;2;3;1;1;2;En;Kyllä;;;;;;;;;;;;;;;;;;;;;;;;;;;;;;;;;
29.11.2017 14:52:31;Suomi;Opiskelen vanhojen tutkintovaatimuksien mukaisesti;;;;;;;;;;;;;;;;Kandidaatti;Poliittinen historia;2016;3;4;4;2;Kyllä;Kyllä;Kyllä;En;En;2;2;Kyllä;Kyllä;En osaa sanoa;En osaa sanoa;2;2;3;2;4;Kyllä;Kyllä;;;;;;;;;;;;;;;;;;;;;;;;;;;;;;;;;
29.11.2017 22:11:53;Suomi;Opiskelen vanhojen tutkintovaatimuksien mukaisesti;;;;;;;;;;;;;;;;Kandidaatti;Viestintä;2015;3;2;4;4;Kyllä;Kyllä;Kyllä;En;En;2;2;En;En;Kyllä;Kyllä;2;1;1;4;4;Kyllä;Kyllä;;;;;;;;;;;;;;;;;;;;;;;;;;;;;;;;;
1.12.2017 15:32:20;Suomi;Opiskelen vanhojen tutkintovaatimuksien mukaisesti;;;;;;;;;;;;;;;;Kandidaatti;Viestintä;2015;4;4;4;4;Kyllä;Kyllä;Kyllä;En;En;2;3;Kyllä;Kyllä;Ei;Kyllä;4;2;3;5;5;Kyllä;Kyllä;;;;;;;;;;;;;;;;;;;;;;;;;;;;;;;;;
1.12.2017 16:26:02;Suomi;Opiskelen vanhojen tutkintovaatimuksien mukaisesti;;;;;;;;;;;;;;;;Maisteri;Sosiaalityö;2014;2;1;1;2;Kyllä;Kyllä;Kyllä;Kyllä;En;2;2;En;Kyllä;En osaa sanoa;Kyllä;1;1;1;2;2;Kyllä;Kyllä;;;;;;;;;;;;;;;;;;;;;;;;;;;;;;;;;
2.12.2017 13:37:24;Suomi;Opiskelen vanhojen tutkintovaatimuksien mukaisesti;;;;;;;;;;;;;;;;Kandidaatti;Yleinen valtio-oppi;2016;2;2;4;4;Kyllä;Kyllä;Kyllä;En;En;1;3;Kyllä;Kyllä;En osaa sanoa;En osaa sanoa;1;2;2;4;3;En;Kyllä;;;;;;;;;;;;;;;;;;;;;;;;;;;;;;;;;
20.11.2017 13:00:52;English;;;;;;;;;;;;;;;;;;;;;;;;;;;;;;;;;;;;;;;;;;I'm studying according to the current degree requirements;Other;2017;2;4;2;1;2;2;3;;;;;;;;;;;;;;;;;;;;;;;
20.11.2017 18:07:52;English;;;;;;;;;;;;;;;;;;;;;;;;;;;;;;;;;;;;;;;;;;I'm studying according to the current degree requirements;Master’s programme in Economics;2017;1;3;5;1;4;3;4;;;;;;;;;;;;;;;;;;;;;;;
20.11.2017 18:08:25;English;;;;;;;;;;;;;;;;;;;;;;;;;;;;;;;;;;;;;;;;;;I'm studying according to the current degree requirements;Master’s programme in Economics;2017;3;4;4;1;5;4;5;;;;;;;;;;;;;;;;;;;;;;;
